,tu,usted,vosotros,ustedes
0,ve / andá,vaya,id,vayan
1,sé,sea,sed,sean
2,ten / tené,tenga,tened,tengan
3,haz / hacé,haga,haced,hagan
4,está,esté,estad,estén
5,di / decí,diga,decid,digan
6,ve,vea,ved,vean
7,"he, habe",haya,habed,hayan
8,da,dé,dad,den
9,puede / podé,pueda,poded,puedan
10,habla / hablá,hable,hablad,hablen
11,quiere / queré,quiera,quered,quieran
12,ven / vení,venga,venid,vengan
13,come / comé,coma,comed,coman
14,sabe / sabé,sepa,sabed,sepan
15,pon / poné,ponga,poned,pongan
16,sal / salí,salga,salid,salgan
17,lee / leé,lea,leed,lean
18,duerme / dormí,duerma,dormid,duerman
19,vuelve / volvé,vuelva,volved,vuelvan
20,pide / pedí,pida,pedid,pidan
21,vive / viví,viva,vivid,vivan
22,trae / traé,traiga,traed,traigan
23,lleva / llevá,lleve,llevad,lleven
24,juega / jugá,juegue,jugad,jueguen
25,llega / llegá,llegue,llegad,lleguen
26,oye / oí,oiga,oíd,oigan
27,toma / tomá,tome,tomad,tomen
28,empieza / empezá,empiece,empezad,empiecen
29,conoce / conocé,conozca,conoced,conozcan
30,sigue / seguí,siga,seguid,sigan
31,escribe / escribí,escriba,escribid,escriban
32,compra / comprá,compre,comprad,compren
33,siente / sentí,sienta,sentid,sientan
34,piensa / pensá,piense,pensad,piensen
35,bebe / bebé,beba,bebed,beban
36,abre / abrí,abra,abrid,abran
37,gusta / gustá,guste,gustad,gusten
38,queja / quejá,queje,quejad,quejen
39,cae / caé,caiga,caed,caigan
40,cierra / cerrá,cierre,cerrad,cierren
41,encuentra / encontrá,encuentre,encontrad,encuentren
42,cree / creé,crea,creed,crean
43,pierde / perdé,pierda,perded,pierdan
44,prefiere / preferí,prefiera,preferid,prefieran
45,queda / quedá,quede,quedad,queden
46,muere / morí,muera,morid,mueran
47,sirve / serví,sirva,servid,sirvan
48,busca / buscá,busque,buscad,busquen
49,trabaja / trabajá,trabaje,trabajad,trabajen
50,estudia / estudiá,estudie,estudiad,estudien
51,sienta / sentá,siente,sentad,sienten
52,comienza / comenzá,comience,comenzad,comiencen
53,conduce / conducí,conduzca,conducid,conduzcan
54,ve / andá,vaya,id,vayan
55,saca / sacá,saque,sacad,saquen
56,aprende / aprendé,aprenda,aprended,aprendan
57,limpia / limpiá,limpie,limpiad,limpien
58,llama / llamá,llame,llamad,llamen
59,paga / pagá,pague,pagad,paguen
60,corre / corré,corra,corred,corran
61,baila / bailá,baile,bailad,bailen
62,termina / terminá,termine,terminad,terminen
63,pasa / pasá,pase,pasad,pasen
64,deja / dejá,deje,dejad,dejen
65,anda / andá,ande,andad,anden
66,entiende / entendé,entienda,entended,entiendan
67,viste / vestí,vista,vestid,vistan
68,visita / visitá,visite,visitad,visiten
69,almuerza / almorzá,almuerce,almorzad,almuercen
70,llueve / llové,llueva,lloved,lluevan
71,divierte / divertí,divierta,divertid,diviertan
72,consigue / conseguí,consiga,conseguid,consigan
73,repite / repetí,repita,repetid,repitan
74,camina / caminá,camine,caminad,caminen
75,espera / esperá,espere,esperad,esperen
76,cambia / cambiá,cambie,cambiad,cambien
77,elige / elegí,elija,elegid,elijan
78,toca / tocá,toque,tocad,toquen
79,mira / mirá,mire,mirad,miren
80,cabe / cabé,quepa,cabed,quepan
81,debe / debé,deba,debed,deban
82,recibe / recibí,reciba,recibid,reciban
83,acuesta o acosta / acostá,acueste o acoste,acostad,acuesten o acosten
84,levanta / levantá,levante,levantad,levanten
85,mueve / mové,mueva,moved,muevan
86,canta / cantá,cante,cantad,canten
87,ayuda / ayudá,ayude,ayudad,ayuden
88,cuenta / contá,cuente,contad,cuenten
89,vende / vendé,venda,vended,vendan
90,hierve / herví,hierva,hervid,hiervan
91,gana / ganá,gane,ganad,ganen
92,viaja / viajá,viaje,viajad,viajen
93,escucha / escuchá,escuche,escuchad,escuchen
94,coge / cogé,coja,coged,cojan
95,necesita / necesitá,necesite,necesitad,necesiten
96,despierta / despertá,despierte,despertad,despierten
97,recuerda / recordá,recuerde,recordad,recuerden
98,desea / deseá,desee,desead,deseen
99,huye / hui,huya,huid,huyan
100,decide / decidí,decida,decidid,decidan
101,lava / lavá,lave,lavad,laven
102,sube / subí,suba,subid,suban
103,parece / parecé,parezca,pareced,parezcan
104,practica / practicá,practique,practicad,practiquen
105,nada / nadá,nade,nadad,naden
106,despide / despedí,despida,despedid,despidan
107,traduce / traducí,traduzca,traducid,traduzcan
108,sonríe / sonreí,sonría,sonreíd,sonrían
109,miente / mentí,mienta,mentid,mientan
110,hiere / herí,hiera,herid,hieran
111,usa / usá,use,usad,usen
112,casa / casá,case,casad,casen
113,sugiere / sugerí,sugiera,sugerid,sugieran
114,desayuna / desayuná,desayune,desayunad,desayunen
115,ofrece / ofrecé,ofrezca,ofreced,ofrezcan
116,rompe / rompé,rompa,romped,rompan
117,hackea / hackeá,hackee,hackead,hackeen
118,devuelve / devolvé,devuelva,devolved,devuelvan
119,cubre / cubrí,cubra,cubrid,cubran
120,huele / olé,huela,oled,huelan
121,mantén / mantené,mantenga,mantened,mantengan
122,manda / mandá,mande,mandad,manden
123,construye / construí,construya,construid,construyan
124,nace / nacé,nazca,naced,nazcan
125,comprende / comprendé,comprenda,comprended,comprendan
126,permite / permití,permita,permitid,permitan
127,olvida / olvidá,olvide,olvidad,olviden
128,abandera / abanderá,abandere,abanderad,abanderen
129,recomienda / recomendá,recomiende,recomendad,recomienden
130,asiste / asistí,asista,asistid,asistan
131,cuesta / costá,cueste,costad,cuesten
132,envía / enviá,envíe,enviad,envíen
133,prepara / prepará,prepare,preparad,preparen
134,cocina / cociná,cocine,cocinad,cocinen
135,comparte / compartí,comparta,compartid,compartan
136,pregunta / preguntá,pregunte,preguntad,pregunten
137,cuida / cuidá,cuide,cuidad,cuiden
138,resuelve / resolvé,resuelva,resolved,resuelvan
139,calla / callá,calle,callad,callen
140,recoge / recogé,recoja,recoged,recojan
141,muestra / mostrá,muestre,mostrad,muestren
142,hiela / helá,hiele,helad,hielen
143,ruega / rogá,ruegue,rogad,rueguen
144,crece / crecé,crezca,creced,crezcan
145,hinche / henchí,hincha,henchid,hinchan
146,habitúa / habituá,habitúe,habituad,habitúen
147,ama / amá,ame,amad,amen
148,suena / soná,suene,sonad,suenen
149,escoge / escogé,escoja,escoged,escojan
150,duele / dolé,duela,doled,duelan
151,exige / exigí,exija,exigid,exijan
152,entra / entrá,entre,entrad,entren
153,vuela / volá,vuele,volad,vuelen
154,explica / explicá,explique,explicad,expliquen
155,destruye / destruí,destruya,destruid,destruyan
156,navega / navegá,navegue,navegad,naveguen
157,llora / llorá,llore,llorad,lloren
158,vale / valé,valga,valed,valgan
159,apaga / apagá,apague,apagad,apaguen
160,prueba / probá,pruebe,probad,prueben
161,halaga / halagá,halague,halagad,halaguen
162,maneja / manejá,maneje,manejad,manejen
163,corta / cortá,corte,cortad,corten
164,obtén / obtené,obtenga,obtened,obtengan
165,goza / gozá,goce,gozad,gocen
166,harta / hartá,harte,hartad,harten
167,sufre / sufrí,sufra,sufrid,sufran
168,incluye / incluí,incluya,incluid,incluyan
169,habilita / habilitá,habilite,habilitad,habiliten
170,aburre / aburrí,aburra,aburrid,aburran
171,habita / habitá,habite,habitad,habiten
172,echa / echá,eche,echad,echen
173,regresa / regresá,regrese,regresad,regresen
174,corrige / corregí,corrija,corregid,corrijan
175,presta / prestá,preste,prestad,presten
176,barre / barré,barra,barred,barran
177,hacienda / hacendá,haciende,hacendad,hacienden
178,seca / secá,seque,secad,sequen
179,cruza / cruzá,cruce,cruzad,crucen
180,hincha / hinchá,hinche,hinchad,hinchen
181,hostiga / hostigá,hostigue,hostigad,hostiguen
182,empaca / empacá,empaque,empacad,empaquen
183,hospeda / hospedá,hospede,hospedad,hospeden
184,cena / cená,cene,cenad,cenen
185,defiende / defendé,defienda,defended,defiendan
186,entrega / entregá,entregue,entregad,entreguen
187,sumerge / sumergí,sumerja,sumergid,sumerjan
188,produce / producí,produzca,producid,produzcan
189,acaba / acabá,acabe,acabad,acaben
190,organiza / organizá,organice,organizad,organicen
191,baja / bajá,baje,bajad,bajen
192,suele / solé,suela,soled,suelan
193,patina / patiná,patine,patinad,patinen
194,cuelga / colgá,cuelgue,colgad,cuelguen
195,calienta / calentá,caliente,calentad,calienten
196,hipnotiza / hipnotizá,hipnotice,hipnotizad,hipnoticen
197,peina / peiná,peine,peinad,peinen
198,tiende / tendé,tienda,tended,tiendan
199,contesta / contestá,conteste,contestad,contesten
200,enciende / encendé,encienda,encended,enciendan
201,participa / participá,participe,participad,participen
202,hacina / haciná,hacine,hacinad,hacinen
203,quita / quitá,quite,quitad,quiten
204,hereda / heredá,herede,heredad,hereden
205,crea / creá,cree,cread,creen
206,discute / discutí,discuta,discutid,discutan
207,acepta / aceptá,acepte,aceptad,acepten
208,descubre / descubrí,descubra,descubrid,descubran
209,gasta / gastá,gaste,gastad,gasten
210,dirige / dirigí,dirija,dirigid,dirijan
211,abraza / abrazá,abrace,abrazad,abracen
212,yace o yaz / yacé,yazca o yazga o yaga,yaced,yazcan o yazgan o yagan
213,para / pará,pare,parad,paren
214,obedece / obedecé,obedezca,obedeced,obedezcan
215,disfruta / disfrutá,disfrute,disfrutad,disfruten
216,niega / negá,niegue,negad,nieguen
217,interesa / interesá,interese,interesad,interesen
218,trata / tratá,trate,tratad,traten
219,protege / protegé,proteja,proteged,protejan
220,cumple / cumplí,cumpla,cumplid,cumplan
221,abandona / abandoná,abandone,abandonad,abandonen
222,mide / medí,mida,medid,midan
223,nieva / nevá,nieve,nevad,nieven
224,cansa / cansá,canse,cansad,cansen
225,sacude / sacudí,sacuda,sacudid,sacudan
226,invierte / invertí,invierta,invertid,inviertan
227,arrepiéntete / arrepentite,arrepiéntase,arrepentíos,arrepiéntanse
228,fija / fijá,fije,fijad,fijen
229,ducha / duchá,duche,duchad,duchen
230,encanta / encantá,encante,encantad,encanten
231,firma / firmá,firme,firmad,firmen
232,sofríe / sofreí,sofría,sofreíd,sofrían
233,besa / besá,bese,besad,besen
234,contribuye / contribuí,contribuya,contribuid,contribuyan
235,mezcla / mezclá,mezcle,mezclad,mezclen
236,llena / llená,llene,llenad,llenen
237,riega / regá,riegue,regad,rieguen
238,bendice / bendecí,bendiga,bendecid,bendigan
239,acuerda / acordá,acuerde,acordad,acuerden
240,utiliza / utilizá,utilice,utilizad,utilicen
241,recicla / reciclá,recicle,reciclad,reciclen
242,ahorra / ahorrá,ahorre,ahorrad,ahorren
243,responde / respondé,responda,responded,respondan
244,pasea / paseá,pasee,pasead,paseen
245,posee / poseé,posea,poseed,posean
246,influye / influí,influya,influid,influyan
247,malentiende / malentendé,malentienda,malentended,malentiendan
248,continúa / continuá,continúe,continuad,continúen
249,junta / juntá,junte,juntad,junten
250,vaca / vacá,vaque,vacad,vaquen
251,monta / montá,monte,montad,monten
252,tuerce / torcé,tuerza,torced,tuerzan
253,intenta / intentá,intente,intentad,intenten
254,supón / suponé,suponga,suponed,supongan
255,gradúa / graduá,gradúe,graduad,gradúen
256,merienda / merendá,meriende,merendad,merienden
257,vence / vencé,venza,venced,venzan
258,parte / partí,parta,partid,partan
259,descansa / descansá,descanse,descansad,descansen
260,atrae / atraé,atraiga,atraed,atraigan
261,establece / establecé,establezca,estableced,establezcan
262,invita / invitá,invite,invitad,inviten
263,vierte / verté,vierta,verted,viertan
264,ocurre / ocurrí,ocurra,ocurrid,ocurran
265,imprime / imprimí,imprima,imprimid,impriman
266,bucea / buceá,bucee,bucead,buceen
267,zafa / zafá,zafe,zafad,zafen
268,abanica / abanicá,abanique,abanicad,abaniquen
269,reconoce / reconocé,reconozca,reconoced,reconozcan
270,grita / gritá,grite,gritad,griten
271,convence / convencé,convenza,convenced,convenzan
272,teme / temé,tema,temed,teman
273,satisface o satisfaz / satisfacé,satisfaga,satisfaced,satisfagan
274,mata / matá,mate,matad,maten
275,advierte / advertí,advierta,advertid,adviertan
276,aboga / abogá,abogue,abogad,aboguen
277,insiste / insistí,insista,insistid,insistan
278,apetece / apetecé,apetezca,apeteced,apetezcan
279,falta / faltá,falte,faltad,falten
280,gira / girá,gire,girad,giren
281,preocupa / preocupá,preocupe,preocupad,preocupen
282,arregla / arreglá,arregle,arreglad,arreglen
283,adelgaza / adelgazá,adelgace,adelgazad,adelgacen
284,mete / meté,meta,meted,metan
285,saluda / saludá,salude,saludad,saluden
286,finge / fingí,finja,fingid,finjan
287,pelea / peleá,pelee,pelead,peleen
288,pica / picá,pique,picad,piquen
289,tira / tirá,tire,tirad,tiren
290,caga / cagá,cague,cagad,caguen
291,vacía / vaciá,vacíe,vaciad,vacíen
292,dedica / dedicá,dedique,dedicad,dediquen
293,muda / mudá,mude,mudad,muden
294,sorprende / sorprendé,sorprenda,sorprended,sorprendan
295,abate / abatí,abata,abatid,abatan
296,une / uní,una,unid,unan
297,salta / saltá,salte,saltad,salten
298,quema / quemá,queme,quemad,quemen
299,recomienza / recomenzá,recomience,recomenzad,recomiencen
300,odia / odiá,odie,odiad,odien
301,actúa / actuá,actúe,actuad,actúen
302,aparece / aparecé,aparezca,apareced,aparezcan
303,salva / salvá,salve,salvad,salven
304,agradece / agradecé,agradezca,agradeced,agradezcan
305,dibuja / dibujá,dibuje,dibujad,dibujen
306,guarda / guardá,guarde,guardad,guarden
307,impide / impedí,impida,impedid,impidan
308,aprueba / aprobá,apruebe,aprobad,aprueben
309,fuma / fumá,fume,fumad,fumen
310,celebra / celebrá,celebre,celebrad,celebren
311,recorre / recorré,recorra,recorred,recorran
312,reúne / reuní,reúna,reunid,reúnan
313,quiebra / quebrá,quiebre,quebrad,quiebren
314,reduce / reducí,reduzca,reducid,reduzcan
315,tarda / tardá,tarde,tardad,tarden
316,merece / merecé,merezca,mereced,merezcan
317,realiza / realizá,realice,realizad,realicen
318,marcha / marchá,marche,marchad,marchen
319,ejerce / ejercé,ejerza,ejerced,ejerzan
320,cuestiona / cuestioná,cuestione,cuestionad,cuestionen
321,compite / competí,compita,competid,compitan
322,choca / chocá,choque,chocad,choquen
323,ordena / ordená,ordene,ordenad,ordenen
324,marca / marcá,marque,marcad,marquen
325,averigua / averiguá,averigüe,averiguad,averigüen
326,demuestra / demostrá,demuestre,demostrad,demuestren
327,cancela / cancelá,cancele,cancelad,cancelen
328,convierte / convertí,convierta,convertid,conviertan
329,lanza / lanzá,lance,lanzad,lancen
330,acerca / acercá,acerque,acercad,acerquen
331,pinta / pintá,pinte,pintad,pinten
332,afeita / afeitá,afeite,afeitad,afeiten
333,esconde / escondé,esconda,esconded,escondan
334,pega / pegá,pegue,pegad,peguen
335,enfoca / enfocá,enfoque,enfocad,enfoquen
336,abole / abolí,abola,abolid,abolan
337,colige / colegí,colija,colegid,colijan
338,gime / gemí,gima,gemid,giman
339,abstén / abstené,abstenga,abstened,abstengan
340,alquila / alquilá,alquile,alquilad,alquilen
341,kilometra / kilometrá,kilometre,kilometrad,kilometren
342,apoya / apoyá,apoye,apoyad,apoyen
343,esquía / esquiá,esquíe,esquiad,esquíen
344,amenaza / amenazá,amenace,amenazad,amenacen
345,avisa / avisá,avise,avisad,avisen
346,planea / planeá,planee,planead,planeen
347,aboca / abocá,aboque,abocad,aboquen
348,desaparece / desaparecé,desaparezca,desapareced,desaparezcan
349,carga / cargá,cargue,cargad,carguen
350,abarca / abarcá,abarque,abarcad,abarquen
351,abofetea / abofeteá,abofetee,abofetead,abofeteen
352,borra / borrá,borre,borrad,borren
353,atiende / atendé,atienda,atended,atiendan
354,abdica / abdicá,abdique,abdicad,abdiquen
355,ocupa / ocupá,ocupe,ocupad,ocupen
356,guía / guia,guíe,guiad,guíen
357,propón / proponé,proponga,proponed,propongan
358,abastece / abastecé,abastezca,abasteced,abastezcan
359,tose / tosé,tosa,tosed,tosan
360,aterriza / aterrizá,aterrice,aterrizad,aterricen
361,define / definí,defina,definid,definan
362,califica / calificá,califique,calificad,califiquen
363,describe / describí,describa,describid,describan
364,depende / dependé,dependa,depended,dependan
365,xerocopia / xerocopiá,xerocopie,xerocopiad,xerocopien
366,deletrea / deletreá,deletree,deletread,deletreen
367,opón / oponé,oponga,oponed,opongan
368,cabalga / cabalgá,cabalgue,cabalgad,cabalguen
369,aprovecha / aprovechá,aproveche,aprovechad,aprovechen
370,golpea / golpeá,golpee,golpead,golpeen
371,alcanza / alcanzá,alcance,alcanzad,alcancen
372,beneficia / beneficiá,beneficie,beneficiad,beneficien
373,cepilla / cepillá,cepille,cepillad,cepillen
374,gobierna / goberná,gobierne,gobernad,gobiernen
375,muerde / mordé,muerda,morded,muerdan
376,abona / aboná,abone,abonad,abonen
377,siembra / sembrá,siembre,sembrad,siembren
378,transfiere / transferí,transfiera,transferid,transfieran
379,coloca / colocá,coloque,colocad,coloquen
380,coloca / colocá,coloque,colocad,coloquen
381,juzga / juzgá,juzgue,juzgad,juzguen
382,prohíbe / prohibí,prohíba,prohibid,prohíban
383,detén / detené,detenga,detened,detengan
384,publica / publicá,publique,publicad,publiquen
385,malgasta / malgastá,malgaste,malgastad,malgasten
386,madruga / madrugá,madrugue,madrugad,madruguen
387,enamora / enamorá,enamore,enamorad,enamoren
388,regala / regalá,regale,regalad,regalen
389,imagina / imaginá,imagine,imaginad,imaginen
390,mejora / mejorá,mejore,mejorad,mejoren
391,padece / padecé,padezca,padeced,padezcan
392,fascina / fasciná,fascine,fascinad,fascinen
393,adquiere / adquirí,adquiera,adquirid,adquieran
394,zampa / zampá,zampe,zampad,zampen
395,abomina / abominá,abomine,abominad,abominen
396,jura / jurá,jure,jurad,juren
397,duda / dudá,dude,dudad,duden
398,persigue / perseguí,persiga,perseguid,persigan
399,maquilla / maquillá,maquille,maquillad,maquillen
400,bautiza / bautizá,bautice,bautizad,bauticen
401,jubila / jubilá,jubile,jubilad,jubilen
402,rechaza / rechazá,rechace,rechazad,rechacen
403,introduce / introducí,introduzca,introducid,introduzcan
404,bienquiere / bienqueré,bienquiera,bienquered,bienquieran
405,impón / imponé,imponga,imponed,impongan
406,basta / bastá,baste,bastad,basten
407,obliga / obligá,obligue,obligad,obliguen
408,confía / confiá,confíe,confiad,confíen
409,tiembla / temblá,tiemble,temblad,tiemblen
410,pertenece / pertenecé,pertenezca,perteneced,pertenezcan
411,elimina / eliminá,elimine,eliminad,eliminen
412,confiesa / confesá,confiese,confesad,confiesen
413,percata / percatá,percate,percatad,percaten
414,enfría / enfriá,enfríe,enfriad,enfríen
415,graba / grabá,grabe,grabad,graben
416,pela / pelá,pele,pelad,pelen
417,identifica / identificá,identifique,identificad,identifiquen
418,distingue / distinguí,distinga,distinguid,distingan
419,abarata / abaratá,abarate,abaratad,abaraten
420,molesta / molestá,moleste,molestad,molesten
421,atraviesa / atravesá,atraviese,atravesad,atraviesen
422,distribuye / distribuí,distribuya,distribuid,distribuyan
423,machaca / machacá,machaque,machacad,machaquen
424,importa / importá,importe,importad,importen
425,fabrica / fabricá,fabrique,fabricad,fabriquen
426,ata / atá,ate,atad,aten
427,observa / observá,observe,observad,observen
428,bloquea / bloqueá,bloquee,bloquead,bloqueen
429,yuxtapón / yuxtaponé,yuxtaponga,yuxtaponed,yuxtapongan
430,atreve / atrevé,atreva,atreved,atrevan
431,decora / decorá,decore,decorad,decoren
432,bosteza / bostezá,bostece,bostezad,bostecen
433,avanza / avanzá,avance,avanzad,avancen
434,revuelve / revolvé,revuelva,revolved,revuelvan
435,comenta / comentá,comente,comentad,comenten
436,nombra / nombrá,nombre,nombrad,nombren
437,friega / fregá,friegue,fregad,frieguen
438,falla / fallá,falle,fallad,fallen
439,relaja / relajá,relaje,relajad,relajen
440,ubica / ubicá,ubique,ubicad,ubiquen
441,abasta / abastá,abaste,abastad,abasten
442,recalienta / recalentá,recaliente,recalentad,recalienten
443,permanece / permanecé,permanezca,permaneced,permanezcan
444,florece / florecé,florezca,floreced,florezcan
445,zumba / zumbá,zumbe,zumbad,zumben
446,ficha / fichá,fiche,fichad,fichen
447,zarpa / zarpá,zarpe,zarpad,zarpen
448,maldice / maldecí,maldiga,maldecid,maldigan
449,lamenta / lamentá,lamente,lamentad,lamenten
450,alegra / alegrá,alegre,alegrad,alegren
451,agrega / agregá,agregue,agregad,agreguen
452,carece / carecé,carezca,careced,carezcan
453,existe / existí,exista,existid,existan
454,educa / educá,eduque,educad,eduquen
455,caracteriza / caracterizá,caracterice,caracterizad,caractericen
456,fía / fia,fíe,fiad,fíen
457,receta / recetá,recete,recetad,receten
458,embarca / embarcá,embarque,embarcad,embarquen
459,abjura / abjurá,abjure,abjurad,abjuren
460,promete / prometé,prometa,prometed,prometan
461,ablanda / ablandá,ablande,ablandad,ablanden
462,patrulla / patrullá,patrulle,patrullad,patrullen
463,deniega / denegá,deniegue,denegad,denieguen
464,abarrota / abarrotá,abarrote,abarrotad,abarroten
465,indaga / indagá,indague,indagad,indaguen
466,justifica / justificá,justifique,justificad,justifiquen
467,pesca / pescá,pesque,pescad,pesquen
468,copia / copiá,copie,copiad,copien
469,añade / añadí,añada,añadid,añadan
470,equivoca / equivocá,equivoque,equivocad,equivoquen
471,bloca / blocá,bloque,blocad,bloquen
472,aboceta / abocetá,abocete,abocetad,aboceten
473,opina / opiná,opine,opinad,opinen
474,lía / lia,líe,liad,líen
475,enoja / enojá,enoje,enojad,enojen
476,ofende / ofendé,ofenda,ofended,ofendan
477,beca / becá,beque,becad,bequen
478,concluye / concluí,concluya,concluid,concluyan
479,lucha / luchá,luche,luchad,luchen
480,aconseja / aconsejá,aconseje,aconsejad,aconsejen
481,dobla / doblá,doble,doblad,doblen
482,finaliza / finalizá,finalice,finalizad,finalicen
483,factura / facturá,facture,facturad,facturen
484,combina / combiná,combine,combinad,combinen
485,significa / significá,signifique,significad,signifiquen
486,razona / razoná,razone,razonad,razonen
487,calma / calmá,calme,calmad,calmen
488,pende / pendé,penda,pended,pendan
489,declara / declará,declare,declarad,declaren
490,venda / vendá,vende,vendad,venden
491,roba / robá,robe,robad,roben
492,reserva / reservá,reserve,reservad,reserven
493,captura / capturá,capture,capturad,capturen
494,maltrae / maltraé,maltraiga,maltraed,maltraigan
495,abolla / abollá,abolle,abollad,abollen
496,narra / narrá,narre,narrad,narren
497,charla / charlá,charle,charlad,charlen
498,favorece / favorecé,favorezca,favoreced,favorezcan
499,convén / convení,convenga,convenid,convengan
500,decrece / decrecé,decrezca,decreced,decrezcan
501,presenta / presentá,presente,presentad,presenten
502,edita / editá,edite,editad,editen
503,comunica / comunicá,comunique,comunicad,comuniquen
504,manifiesta / manifestá,manifieste,manifestad,manifiesten
505,lesiona / lesioná,lesione,lesionad,lesionen
506,idealiza / idealizá,idealice,idealizad,idealicen
507,ejercita / ejercitá,ejercite,ejercitad,ejerciten
508,investiga / investigá,investigue,investigad,investiguen
509,compón / componé,componga,componed,compongan
510,oculta / ocultá,oculte,ocultad,oculten
511,felicita / felicitá,felicite,felicitad,feliciten
512,flota / flotá,flote,flotad,floten
513,dura / durá,dure,durad,duren
514,emigra / emigrá,emigre,emigrad,emigren
515,fastidia / fastidiá,fastidie,fastidiad,fastidien
516,tapa / tapá,tape,tapad,tapen
517,cría / cria,críe,criad,críen
518,porta / portá,porte,portad,porten
519,reza / rezá,rece,rezad,recen
520,vaga / vagá,vague,vagad,vaguen
521,varía / variá,varíe,variad,varíen
522,edifica / edificá,edifique,edificad,edifiquen
523,anuncia / anunciá,anuncie,anunciad,anuncien
524,logra / lográ,logre,lograd,logren
525,reacciona / reaccioná,reaccione,reaccionad,reaccionen
526,respeta / respetá,respete,respetad,respeten
527,teje / tejé,teja,tejed,tejan
528,fatiga / fatigá,fatigue,fatigad,fatiguen
529,lista / listá,liste,listad,listen
530,omite / omití,omita,omitid,omitan
531,bota / botá,bote,botad,boten
532,embellece / embellecé,embellezca,embelleced,embellezcan
533,subraya / subrayá,subraye,subrayad,subrayen
534,envuelve / envolvé,envuelva,envolved,envuelvan
535,depón / deponé,deponga,deponed,depongan
536,enseña / enseñá,enseñe,enseñad,enseñen
537,disminuye / disminuí,disminuya,disminuid,disminuyan
538,calcula / calculá,calcule,calculad,calculen
539,aumenta / aumentá,aumente,aumentad,aumenten
540,seduce / seducí,seduzca,seducid,seduzcan
541,castiga / castigá,castigue,castigad,castiguen
542,indica / indicá,indique,indicad,indiquen
543,negocia / negociá,negocie,negociad,negocien
544,agarra / agarrá,agarre,agarrad,agarren
545,ignora / ignorá,ignore,ignorad,ignoren
546,emborracha / emborrachá,emborrache,emborrachad,emborrachen
547,funciona / funcioná,funcione,funcionad,funcionen
548,deprime / deprimí,deprima,deprimid,depriman
549,marea / mareá,maree,maread,mareen
550,unifica / unificá,unifique,unificad,unifiquen
551,ataca / atacá,ataque,atacad,ataquen
552,limita / limitá,limite,limitad,limiten
553,impresiona / impresioná,impresione,impresionad,impresionen
554,opera / operá,opere,operad,operen
555,efectúa / efectuá,efectúe,efectuad,efectúen
556,evita / evitá,evite,evitad,eviten
557,pellizca / pellizcá,pellizque,pellizcad,pellizquen
558,reciproca / reciprocá,reciproque,reciprocad,reciproquen
559,predice / predecí,prediga,predecid,predigan
560,sangra / sangrá,sangre,sangrad,sangren
561,legaliza / legalizá,legalice,legalizad,legalicen
562,balancea / balanceá,balancee,balancead,balanceen
563,comprueba / comprobá,compruebe,comprobad,comprueben
564,graniza / granizá,granice,granizad,granicen
565,acierta / acertá,acierte,acertad,acierten
566,interrumpe / interrumpí,interrumpa,interrumpid,interrumpan
567,recae / recaé,recaiga,recaed,recaigan
568,cose / cosé,cosa,cosed,cosan
569,informa / informá,informe,informad,informen
570,electrifica / electrificá,electrifique,electrificad,electrifiquen
571,aborda / abordá,aborde,abordad,aborden
572,blanquece / blanquecé,blanquezca,blanqueced,blanquezcan
573,contén / contené,contenga,contened,contengan
574,cala / calá,cale,calad,calen
575,elogia / elogiá,elogie,elogiad,elogien
576,eclosiona / eclosioná,eclosione,eclosionad,eclosionen
577,ejecuta / ejecutá,ejecute,ejecutad,ejecuten
578,dora / dorá,dore,dorad,doren
579,guisa / guisá,guise,guisad,guisen
580,aprecia / apreciá,aprecie,apreciad,aprecien
581,facilita / facilitá,facilite,facilitad,faciliten
582,valida / validá,valide,validad,validen
583,eleva / elevá,eleve,elevad,eleven
584,financia / financiá,financie,financiad,financien
585,reconstruye / reconstruí,reconstruya,reconstruid,reconstruyan
586,hunde / hundí,hunda,hundid,hundan
587,degüella / degollá,degüelle,degollad,degüellen
588,elabora / elaborá,elabore,elaborad,elaboren
589,vanaglóriate / vanagloriate,vanaglóriese,vanagloriaos,vanaglóriense
590,repara / repará,repare,reparad,reparen
591,deshaz / deshacé,deshaga,deshaced,deshagan
592,taladra / taladrá,taladre,taladrad,taladren
593,valora / valorá,valore,valorad,valoren
594,deforma / deformá,deforme,deformad,deformen
595,mancha / manchá,manche,manchad,manchen
596,arranca / arrancá,arranque,arrancad,arranquen
597,promueve / promové,promueva,promoved,promuevan
598,tacha / tachá,tache,tachad,tachen
599,selecciona / seleccioná,seleccione,seleccionad,seleccionen
600,tropieza / tropezá,tropiece,tropezad,tropiecen
601,malogra / malográ,malogre,malograd,malogren
602,vota / votá,vote,votad,voten
603,extiende / extendé,extienda,extended,extiendan
604,sucede / sucedé,suceda,suceded,sucedan
605,vadea / vadeá,vadee,vadead,vadeen
606,entretén / entretené,entretenga,entretened,entretengan
607,aparca / aparcá,aparque,aparcad,aparquen
608,caza / cazá,cace,cazad,cacen
609,plancha / planchá,planche,planchad,planchen
610,revisa / revisá,revise,revisad,revisen
611,guarnece / guarnecé,guarnezca,guarneced,guarnezcan
612,tolera / tolerá,tolere,tolerad,toleren
613,ahoga / ahogá,ahogue,ahogad,ahoguen
614,separa / separá,separe,separad,separen
615,avergüenza / avergonzá,avergüence,avergonzad,avergüencen
616,idea / ideá,idee,idead,ideen
617,tararea / tarareá,tararee,tararead,tarareen
618,veda / vedá,vede,vedad,veden
619,reclama / reclamá,reclame,reclamad,reclamen
620,vaporiza / vaporizá,vaporice,vaporizad,vaporicen
621,imita / imitá,imite,imitad,imiten
622,admite / admití,admita,admitid,admitan
623,generaliza / generalizá,generalice,generalizad,generalicen
624,asusta / asustá,asuste,asustad,asusten
625,consiente / consentí,consienta,consentid,consientan
626,falsifica / falsificá,falsifique,falsificad,falsifiquen
627,ilumina / iluminá,ilumine,iluminad,iluminen
628,pesa / pesá,pese,pesad,pesen
629,incorpora / incorporá,incorpore,incorporad,incorporen
630,resulta / resultá,resulte,resultad,resulten
631,numera / numerá,numere,numerad,numeren
632,traga / tragá,trague,tragad,traguen
633,divide / dividí,divida,dividid,dividan
634,vara / vará,vare,varad,varen
635,salpica / salpicá,salpique,salpicad,salpiquen
636,peligra / peligrá,peligre,peligrad,peligren
637,distrae / distraé,distraiga,distraed,distraigan
638,vacuna / vacuná,vacune,vacunad,vacunen
639,rebaja / rebajá,rebaje,rebajad,rebajen
640,aborrece / aborrecé,aborrezca,aborreced,aborrezcan
641,entrena / entrená,entrene,entrenad,entrenen
642,uniforma / uniformá,uniforme,uniformad,uniformen
643,moja / mojá,moje,mojad,mojen
644,aplica / aplicá,aplique,aplicad,apliquen
645,completa / completá,complete,completad,completen
646,grazna / grazná,grazne,graznad,graznen
647,vacila / vacilá,vacile,vacilad,vacilen
648,malinterpreta / malinterpretá,malinterprete,malinterpretad,malinterpreten
649,sustituye / sustituí,sustituya,sustituid,sustituyan
650,genera / generá,genere,generad,generen
651,emplea / empleá,emplee,emplead,empleen
652,legisla / legislá,legisle,legislad,legislen
653,desarrolla / desarrollá,desarrolle,desarrollad,desarrollen
654,perdona / perdoná,perdone,perdonad,perdonen
655,garantiza / garantizá,garantice,garantizad,garanticen
656,confunde / confundí,confunda,confundid,confundan
657,consume / consumí,consuma,consumid,consuman
658,talla / tallá,talle,tallad,tallen
659,estornuda / estornudá,estornude,estornudad,estornuden
660,entera / enterá,entere,enterad,enteren
661,acampa / acampá,acampe,acampad,acampen
662,bisbisea / bisbiseá,bisbisee,bisbisead,bisbiseen
663,valoriza / valorizá,valorice,valorizad,valoricen
664,supera / superá,supere,superad,superen
665,valla / vallá,valle,vallad,vallen
666,analiza / analizá,analice,analizad,analicen
667,orienta / orientá,oriente,orientad,orienten
668,conjuga / conjugá,conjugue,conjugad,conjuguen
669,litiga / litigá,litigue,litigad,litiguen
670,escapa / escapá,escape,escapad,escapen
671,amanece / amanecé,amanezca,amaneced,amanezcan
672,prevén / prevení,prevenga,prevenid,prevengan
673,examina / examiná,examine,examinad,examinen
674,comete / cometé,cometa,cometed,cometan
675,inaugura / inaugurá,inaugure,inaugurad,inauguren
676,despega / despegá,despegue,despegad,despeguen
677,pelotea / peloteá,pelotee,pelotead,peloteen
678,malicia / maliciá,malicie,maliciad,malicien
679,derruye / derruí,derruya,derruid,derruyan
680,abriga / abrigá,abrigue,abrigad,abriguen
681,asciende / ascendé,ascienda,ascended,asciendan
682,escala / escalá,escale,escalad,escalen
683,envidia / envidiá,envidie,envidiad,envidien
684,convive / conviví,conviva,convivid,convivan
685,aprieta / apretá,apriete,apretad,aprieten
686,excluye / excluí,excluya,excluid,excluyan
687,surge / surgí,surja,surgid,surjan
688,inclina / incliná,incline,inclinad,inclinen
689,incurre / incurrí,incurra,incurrid,incurran
690,aplaude / aplaudí,aplauda,aplaudid,aplaudan
691,aloja / alojá,aloje,alojad,alojen
692,recita / recitá,recite,recitad,reciten
693,rinde / rendí,rinda,rendid,rindan
694,asegura / asegurá,asegure,asegurad,aseguren
695,cobra / cobrá,cobre,cobrad,cobren
696,afecta / afectá,afecte,afectad,afecten
697,impulsa / impulsá,impulse,impulsad,impulsen
698,empuja / empujá,empuje,empujad,empujen
699,encarga / encargá,encargue,encargad,encarguen
700,controla / controlá,controle,controlad,controlen
701,memoriza / memorizá,memorice,memorizad,memoricen
702,platica / platicá,platique,platicad,platiquen
703,incendia / incendiá,incendie,incendiad,incendien
704,mana / maná,mane,manad,manen
705,forma / formá,forme,formad,formen
706,acude / acudí,acuda,acudid,acudan
707,baña / bañá,bañe,bañad,bañen
708,rescata / rescatá,rescate,rescatad,rescaten
709,emite / emití,emita,emitid,emitan
710,contrae / contraé,contraiga,contraed,contraigan
711,engorda / engordá,engorde,engordad,engorden
712,critica / criticá,critique,criticad,critiquen
713,abusa / abusá,abuse,abusad,abusen
714,descarga / descargá,descargue,descargad,descarguen
715,tablea / tableá,tablee,tablead,tableen
716,gandulea / ganduleá,gandulee,gandulead,ganduleen
717,destaca / destacá,destaque,destacad,destaquen
718,inventa / inventá,invente,inventad,inventen
719,humilla / humillá,humille,humillad,humillen
720,admira / admirá,admire,admirad,admiren
721,valsa / valsá,valse,valsad,valsen
722,encierra / encerrá,encierre,encerrad,encierren
723,saliva / salivá,salive,salivad,saliven
724,explota / explotá,explote,explotad,exploten
725,inicia / iniciá,inicie,iniciad,inicien
726,solicita / solicitá,solicite,solicitad,soliciten
727,considera / considerá,considere,considerad,consideren
728,acaricia / acariciá,acaricie,acariciad,acaricien
729,aplaza / aplazá,aplace,aplazad,aplacen
730,sostén / sostené,sostenga,sostened,sostengan
731,contagia / contagiá,contagie,contagiad,contagien
732,acoge / acogé,acoja,acoged,acojan
733,intuye / intuí,intuya,intuid,intuyan
734,acentúa / acentuá,acentúe,acentuad,acentúen
735,alimenta / alimentá,alimente,alimentad,alimenten
736,absuelve / absolvé,absuelva,absolved,absuelvan
737,adora / adorá,adore,adorad,adoren
738,tuesta / tostá,tueste,tostad,tuesten
739,agota / agotá,agote,agotad,agoten
740,malinforma / malinformá,malinforme,malinformad,malinformen
741,acostumbra / acostumbrá,acostumbre,acostumbrad,acostumbren
742,aguanta / aguantá,aguante,aguantad,aguanten
743,prevale / prevalé,prevalga,prevaled,prevalgan
744,contacta / contactá,contacte,contactad,contacten
745,adivina / adiviná,adivine,adivinad,adivinen
746,atribuye / atribuí,atribuya,atribuid,atribuyan
747,anima / animá,anime,animad,animen
748,contamina / contaminá,contamine,contaminad,contaminen
749,inscribe / inscribí,inscriba,inscribid,inscriban
750,masca / mascá,masque,mascad,masquen
751,mienta / mentá,miente,mentad,mienten
752,colabora / colaborá,colabore,colaborad,colaboren
753,divorcia / divorciá,divorcie,divorciad,divorcien
754,agita / agitá,agite,agitad,agiten
755,retira / retirá,retire,retirad,retiren
756,resfría / resfriá,resfríe,resfriad,resfríen
757,prevé,prevea,preved,prevean
758,ase / así,asga,asid,asgan
759,apellida / apellidá,apellide,apellidad,apelliden
760,broncea / bronceá,broncee,broncead,bronceen
761,derrite / derretí,derrita,derretid,derritan
762,reparte / repartí,reparta,repartid,repartan
763,dispón / disponé,disponga,disponed,dispongan
764,dimite / dimití,dimita,dimitid,dimitan
765,abrasa / abrasá,abrase,abrasad,abrasen
766,regatea / regateá,regatee,regatead,regateen
767,cita / citá,cite,citad,citen
768,avería / averiá,averíe,averiad,averíen
769,autoriza / autorizá,autorice,autorizad,autoricen
770,derrama / derramá,derrame,derramad,derramen
771,abrocha / abrochá,abroche,abrochad,abrochen
772,alienta / alentá,aliente,alentad,alienten
773,refresca / refrescá,refresque,refrescad,refresquen
774,pronuncia / pronunciá,pronuncie,pronunciad,pronuncien
775,consiste / consistí,consista,consistid,consistan
776,contradice / contradecí,contradiga,contradecid,contradigan
777,aleja / alejá,aleje,alejad,alejen
778,corresponde / correspondé,corresponda,corresponded,correspondan
779,espía / espiá,espíe,espiad,espíen
780,consulta / consultá,consulte,consultad,consulten
781,estresa / estresá,estrese,estresad,estresen
782,revela / revelá,revele,revelad,revelen
783,reflexiona / reflexioná,reflexione,reflexionad,reflexionen
784,fuerza / forzá,fuerce,forzad,fuercen
785,alza / alzá,alce,alzad,alcen
786,respira / respirá,respire,respirad,respiren
787,desliza / deslizá,deslice,deslizad,deslicen
788,bate / batí,bata,batid,batan
789,compara / compará,compare,comparad,comparen
790,pospón / posponé,posponga,posponed,pospongan
791,agua / aguá,agüe,aguad,agüen
792,cultiva / cultivá,cultive,cultivad,cultiven
793,aterroriza / aterrorizá,aterrorice,aterrorizad,aterroricen
794,absorbe / absorbé,absorba,absorbed,absorban
795,bulle / bullí,bulla,bullid,bullan
796,combate / combatí,combata,combatid,combatan
797,anochece / anochecé,anochezca,anocheced,anochezcan
798,ajusta / ajustá,ajuste,ajustad,ajusten
799,cura / curá,cure,curad,curen
800,estira / estirá,estire,estirad,estiren
801,abrevia / abreviá,abrevie,abreviad,abrevien
802,absorbe / absorbé,absorba,absorbed,absorban
803,alumbra / alumbrá,alumbre,alumbrad,alumbren
804,representa / representá,represente,representad,representen
805,acusa / acusá,acuse,acusad,acusen
806,certifica / certificá,certifique,certificad,certifiquen
807,arruina / arruiná,arruine,arruinad,arruinen
808,amplía / ampliá,amplíe,ampliad,amplíen
809,almacena / almacená,almacene,almacenad,almacenen
810,disculpa / disculpá,disculpe,disculpad,disculpen
811,torea / toreá,toree,toread,toreen
812,conserva / conservá,conserve,conservad,conserven
813,desciende / descendé,descienda,descended,desciendan
814,ingresa / ingresá,ingrese,ingresad,ingresen
815,adorna / adorná,adorne,adornad,adornen
816,desafía / desafiá,desafíe,desafiad,desafíen
817,concibe / concebí,conciba,concebid,conciban
818,comercializa / comercializá,comercialice,comercializad,comercialicen
819,apuesta / apostá,apueste,apostad,apuesten
820,contrata / contratá,contrate,contratad,contraten
821,aísla / aislá,aísle,aislad,aíslen
822,chupa / chupá,chupe,chupad,chupen
823,enfada / enfadá,enfade,enfadad,enfaden
824,adopta / adoptá,adopte,adoptad,adopten
825,registra / registrá,registre,registrad,registren
826,sobra / sobrá,sobre,sobrad,sobren
827,esfuerza / esforzá,esfuerce,esforzad,esfuercen
828,agría o agria / agriá,agríe o agrie,agriad,agríen o agrien
829,suelta / soltá,suelte,soltad,suelten
830,pisa / pisá,pise,pisad,pisen
831,acelera / acelerá,acelere,acelerad,aceleren
832,agrava / agravá,agrave,agravad,agraven
833,sofoca / sofocá,sofoque,sofocad,sofoquen
834,expón / exponé,exponga,exponed,expongan
835,recupera / recuperá,recupere,recuperad,recuperen
836,intervén / intervení,intervenga,intervenid,intervengan
837,acompaña / acompañá,acompañe,acompañad,acompañen
838,explora / explorá,explore,explorad,exploren
839,atropella / atropellá,atropelle,atropellad,atropellen
840,casca / cascá,casque,cascad,casquen
841,trepa / trepá,trepe,trepad,trepen
842,aclara / aclará,aclare,aclarad,aclaren
843,arresta / arrestá,arreste,arrestad,arresten
844,asesina / asesiná,asesine,asesinad,asesinen
845,anula / anulá,anule,anulad,anulen
846,rehaz / rehacé,rehaga,rehaced,rehagan
847,arriesga / arriesgá,arriesgue,arriesgad,arriesguen
848,bromea / bromeá,bromee,bromead,bromeen
849,evalúa / evaluá,evalúe,evaluad,evalúen
850,atrapa / atrapá,atrape,atrapad,atrapen
851,adscribe / adscribí,adscriba,adscribid,adscriban
852,arrienda / arrendá,arriende,arrendad,arrienden
853,rodea / rodeá,rodee,rodead,rodeen
854,suspende / suspendé,suspenda,suspended,suspendan
855,insulta / insultá,insulte,insultad,insulten
856,suplica / suplicá,suplique,suplicad,supliquen
857,repasa / repasá,repase,repasad,repasen
858,pudre / pudrí o podrí,pudra,pudrid o podrid,pudran
859,rehúye / rehuí,rehúya,rehuid,rehúyan
860,clasifica / clasificá,clasifique,clasificad,clasifiquen
861,truena / troná,truene,tronad,truenen
862,apunta / apuntá,apunte,apuntad,apunten
863,colude / coludí,coluda,coludid,coludan
864,aprehende / aprehendé,aprehenda,aprehended,aprehendan
865,agrupa / agrupá,agrupe,agrupad,agrupen
866,llovizna / llovizná,llovizne,lloviznad,lloviznen
867,asiente / asentí,asienta,asentid,asientan
868,descompón / descomponé,descomponga,descomponed,descompongan
869,brilla / brillá,brille,brillad,brillen
870,adelanta / adelantá,adelante,adelantad,adelanten
871,pule / pulí,pula,pulid,pulan
872,sitúa / situá,sitúe,situad,sitúen
873,sopla / soplá,sople,soplad,soplen
874,involucra / involucrá,involucre,involucrad,involucren
875,experimenta / experimentá,experimente,experimentad,experimenten
876,provoca / provocá,provoque,provocad,provoquen
877,instala / instalá,instale,instalad,instalen
878,revive / reviví,reviva,revivid,revivan
879,civiliza / civilizá,civilice,civilizad,civilicen
880,fragua / fraguá,fragüe,fraguad,fragüen
881,recubre / recubrí,recubra,recubrid,recubran
882,transforma / transformá,transforme,transformad,transformen
883,desnuda / desnudá,desnude,desnudad,desnuden
884,arde / ardé,arda,arded,ardan
885,ensaya / ensayá,ensaye,ensayad,ensayen
886,frena / frená,frene,frenad,frenen
887,circula / circulá,circule,circulad,circulen
888,estrecha / estrechá,estreche,estrechad,estrechen
889,aclama / aclamá,aclame,aclamad,aclamen
890,changa / changá,changue,changad,changuen
891,mima / mimá,mime,mimad,mimen
892,saltea / salteá,saltee,saltead,salteen
893,localiza / localizá,localice,localizad,localicen
894,cola / colá,cole,colad,colen
895,escupe / escupí,escupa,escupid,escupan
896,coincide / coincidí,coincida,coincidid,coincidan
897,ronca / roncá,ronque,roncad,ronquen
898,antepón / anteponé,anteponga,anteponed,antepongan
899,remueve / remové,remueva,removed,remuevan
900,brinda / brindá,brinde,brindad,brinden
901,protesta / protestá,proteste,protestad,protesten
902,apura / apurá,apure,apurad,apuren
903,entrevista / entrevistá,entreviste,entrevistad,entrevisten
904,accede / accedé,acceda,acceded,accedan
905,esparce / esparcí,esparza,esparcid,esparzan
906,burla / burlá,burle,burlad,burlen
907,aparta / apartá,aparte,apartad,aparten
908,conquista / conquistá,conquiste,conquistad,conquisten
909,reproduce / reproducí,reproduzca,reproducid,reproduzcan
910,transmite / transmití,transmita,transmitid,transmitan
911,afirma / afirmá,afirme,afirmad,afirmen
912,progresa / progresá,progrese,progresad,progresen
913,ahorca / ahorcá,ahorque,ahorcad,ahorquen
914,derroca / derrocá,derroque,derrocad,derroquen
915,rellena / rellená,rellene,rellenad,rellenen
916,alivia / aliviá,alivie,aliviad,alivien
917,aplasta / aplastá,aplaste,aplastad,aplasten
918,presupón / presuponé,presuponga,presuponed,presupongan
919,expulsa / expulsá,expulse,expulsad,expulsen
920,agacha / agachá,agache,agachad,agachen
921,asombra / asombrá,asombre,asombrad,asombren
922,empata / empatá,empate,empatad,empaten
923,coquetea / coqueteá,coquetee,coquetead,coqueteen
924,invade / invadí,invada,invadid,invadan
925,derrota / derrotá,derrote,derrotad,derroten
926,envejece / envejecé,envejezca,envejeced,envejezcan
927,archiva / archivá,archive,archivad,archiven
928,arruga / arrugá,arrugue,arrugad,arruguen
929,procede / procedé,proceda,proceded,procedan
930,fracasa / fracasá,fracase,fracasad,fracasen
931,arroja / arrojá,arroje,arrojad,arrojen
932,chantajea / chantajeá,chantajee,chantajead,chantajeen
933,programa / programá,programe,programad,programen
934,amordaza / amordazá,amordace,amordazad,amordacen
935,alaba / alabá,alabe,alabad,alaben
936,encubre / encubrí,encubra,encubrid,encubran
937,convoca / convocá,convoque,convocad,convoquen
938,concede / concedé,conceda,conceded,concedan
939,triunfa / triunfá,triunfe,triunfad,triunfen
940,extravía / extraviá,extravíe,extraviad,extravíen
941,suprime / suprimí,suprima,suprimid,supriman
942,traslada / trasladá,traslade,trasladad,trasladen
943,contabiliza / contabilizá,contabilice,contabilizad,contabilicen
944,chilla / chillá,chille,chillad,chillen
945,soporta / soportá,soporte,soportad,soporten
946,tranquiliza / tranquilizá,tranquilice,tranquilizad,tranquilicen
947,comporta / comportá,comporte,comportad,comporten
948,vuelca / volcá,vuelque,volcad,vuelquen
949,devén / devení,devenga,devenid,devengan
950,ensucia / ensuciá,ensucie,ensuciad,ensucien
951,cotiza / cotizá,cotice,cotizad,coticen
952,sobrevuela / sobrevolá,sobrevuele,sobrevolad,sobrevuelen
953,poda / podá,pode,podad,poden
954,clarifica / clarificá,clarifique,clarificad,clarifiquen
955,digiere / digerí,digiera,digerid,digieran
956,aúna / auná,aúne,aunad,aúnen
957,apacigua / apaciguá,apacigüe,apaciguad,apacigüen
958,fotografía / fotografiá,fotografíe,fotografiad,fotografíen
959,sierra / serrá,sierre,serrad,sierren
960,audita / auditá,audite,auditad,auditen
961,transborda / transbordá,transborde,transbordad,transborden
962,planta / plantá,plante,plantad,planten
963,soluciona / solucioná,solucione,solucionad,solucionen
964,frunce / fruncí,frunza,fruncid,frunzan
965,serpentea / serpenteá,serpentee,serpentead,serpenteen
966,alterna / alterná,alterne,alternad,alternen
967,alarma / alarmá,alarme,alarmad,alarmen
968,deriva / derivá,derive,derivad,deriven
969,ansía / ansiá,ansíe,ansiad,ansíen
970,disfraza / disfrazá,disfrace,disfrazad,disfracen
971,persiste / persistí,persista,persistid,persistan
972,resbala / resbalá,resbale,resbalad,resbalen
973,excita / excitá,excite,excitad,exciten
974,vomita / vomitá,vomite,vomitad,vomiten
975,concuerda / concordá,concuerde,concordad,concuerden
976,exclama / exclamá,exclame,exclamad,exclamen
977,agujerea / agujereá,agujeree,agujeread,agujereen
978,cojea / cojeá,cojee,cojead,cojeen
979,insinúa / insinuá,insinúe,insinuad,insinúen
980,suscribe / suscribí,suscriba,suscribid,suscriban
981,culturiza / culturizá,culturice,culturizad,culturicen
982,adapta / adaptá,adapte,adaptad,adapten
983,propala / propalá,propale,propalad,propalen
984,anota / anotá,anote,anotad,anoten
985,acumula / acumulá,acumule,acumulad,acumulen
986,desviste / desvestí,desvista,desvestid,desvistan
987,enchufa / enchufá,enchufe,enchufad,enchufen
988,regenta / regentá,regente,regentad,regenten
989,diluye / diluí,diluya,diluid,diluyan
990,retuerce / retorcé,retuerza,retorced,retuerzan
991,clava / clavá,clave,clavad,claven
992,ciega / cegá,ciegue,cegad,cieguen
993,dispara / dispará,dispare,disparad,disparen
994,exporta / exportá,exporte,exportad,exporten
995,persuade / persuadí,persuada,persuadid,persuadan
996,detesta / detestá,deteste,detestad,detesten
997,confluye / confluí,confluya,confluid,confluyan
998,aguarda / aguardá,aguarde,aguardad,aguarden
999,complica / complicá,complique,complicad,compliquen
1000,renueva / renová,renueve,renovad,renueven
1001,confirma / confirmá,confirme,confirmad,confirmen
1002,arrastra / arrastrá,arrastre,arrastrad,arrastren
1003,matricula / matriculá,matricule,matriculad,matriculen
1004,expide / expedí,expida,expedid,expidan
1005,emociona / emocioná,emocione,emocionad,emocionen
1006,expresa / expresá,exprese,expresad,expresen
1007,preside / presidí,presida,presidid,presidan
1008,afloja / aflojá,afloje,aflojad,aflojen
1009,apila / apilá,apile,apilad,apilen
1010,suma / sumá,sume,sumad,sumen
1011,percibe / percibí,perciba,percibid,perciban
1012,asemeja / asemejá,asemeje,asemejad,asemejen
1013,agranda / agrandá,agrande,agrandad,agranden
1014,desvía / desviá,desvíe,desviad,desvíen
1015,resiste / resistí,resista,resistid,resistan
1016,tramita / tramitá,tramite,tramitad,tramiten
1017,repón / reponé,reponga,reponed,repongan
1018,disgusta / disgustá,disguste,disgustad,disgusten
1019,estropea / estropeá,estropee,estropead,estropeen
1020,fortalece / fortalecé,fortalezca,fortaleced,fortalezcan
1021,acciona / accioná,accione,accionad,accionen
1022,estrena / estrená,estrene,estrenad,estrenen
1023,desordena / desordená,desordene,desordenad,desordenen
1024,vigila / vigilá,vigile,vigilad,vigilen
1025,formaliza / formalizá,formalice,formalizad,formalicen
1026,disputa / disputá,dispute,disputad,disputen
1027,modifica / modificá,modifique,modificad,modifiquen
1028,atestigua / atestiguá,atestigüe,atestiguad,atestigüen
1029,disuelve / disolvé,disuelva,disolved,disuelvan
1030,perpetúa / perpetuá,perpetúe,perpetuad,perpetúen
1031,desobedece / desobedecé,desobedezca,desobedeced,desobedezcan
1032,aparenta / aparentá,aparente,aparentad,aparenten
1033,empaqueta / empaquetá,empaquete,empaquetad,empaqueten
1034,administra / administrá,administre,administrad,administren
1035,desprecia / despreciá,desprecie,despreciad,desprecien
1036,roza / rozá,roce,rozad,rocen
1037,excusa / excusá,excuse,excusad,excusen
1038,arropa / arropá,arrope,arropad,arropen
1039,coopera / cooperá,coopere,cooperad,cooperen
1040,extrae / extraé,extraiga,extraed,extraigan
1041,etiqueta / etiquetá,etiquete,etiquetad,etiqueten
1042,centrifuga / centrifugá,centrifugue,centrifugad,centrifuguen
1043,contempla / contemplá,contemple,contemplad,contemplen
1044,pincha / pinchá,pinche,pinchad,pinchen
1045,amarra / amarrá,amarre,amarrad,amarren
1046,transcurre / transcurrí,transcurra,transcurrid,transcurran
1047,disuade / disuadí,disuada,disuadid,disuadan
1048,compele / compelé,compela,compeled,compelan
1049,cava / cavá,cave,cavad,caven
1050,aceita / aceitá,aceite,aceitad,aceiten
1051,extenúa / extenuá,extenúe,extenuad,extenúen
1052,aficiona / aficioná,aficione,aficionad,aficionen
1053,esculpe / esculpí,esculpa,esculpid,esculpan
1054,resume / resumí,resuma,resumid,resuman
1055,amuebla / amueblá,amueble,amueblad,amueblen
1056,asocia / asociá,asocie,asociad,asocien
1057,tamiza / tamizá,tamice,tamizad,tamicen
1058,achicharra / achicharrá,achicharre,achicharrad,achicharren
1059,alarga / alargá,alargue,alargad,alarguen
1060,abunda / abundá,abunde,abundad,abunden
1061,multiplica / multiplicá,multiplique,multiplicad,multipliquen
1062,concentra / concentrá,concentre,concentrad,concentren
1063,traba / trabá,trabe,trabad,traben
1064,exhibe / exhibí,exhiba,exhibid,exhiban
1065,acrisola / acrisolá,acrisole,acrisolad,acrisolen
1066,prescribe / prescribí,prescriba,prescribid,prescriban
1067,amontona / amontoná,amontone,amontonad,amontonen
1068,circunscribe / circunscribí,circunscriba,circunscribid,circunscriban
1069,cualifica / cualificá,cualifique,cualificad,cualifiquen
1070,dicta / dictá,dicte,dictad,dicten
1071,diferencia / diferenciá,diferencie,diferenciad,diferencien
1072,susurra / susurrá,susurre,susurrad,susurren
1073,castra / castrá,castre,castrad,castren
1074,relaciona / relacioná,relacione,relacionad,relacionen
1075,censa / censá,cense,censad,censen
1076,agobia / agobiá,agobie,agobiad,agobien
1077,sesga / sesgá,sesgue,sesgad,sesguen
1078,revienta / reventá,reviente,reventad,revienten
1079,destroza / destrozá,destroce,destrozad,destrocen
1080,asea / aseá,asee,asead,aseen
1081,pervierte / pervertí,pervierta,pervertid,perviertan
1082,acuchilla / acuchillá,acuchille,acuchillad,acuchillen
1083,curiosea / curioseá,curiosee,curiosead,curioseen
1084,trastea / trasteá,trastee,trastead,trasteen
1085,propaga / propagá,propague,propagad,propaguen
1086,emprende / emprendé,emprenda,emprended,emprendan
1087,infecta / infectá,infecte,infectad,infecten
1088,pronostica / pronosticá,pronostique,pronosticad,pronostiquen
1089,encoge / encogé,encoja,encoged,encojan
1090,asimila / asimilá,asimile,asimilad,asimilen
1091,tumba / tumbá,tumbe,tumbad,tumben
1092,boxea / boxeá,boxee,boxead,boxeen
1093,apesta / apestá,apeste,apestad,apesten
1094,desplaza / desplazá,desplace,desplazad,desplacen
1095,transcribe / transcribí,transcriba,transcribid,transcriban
1096,atrasa / atrasá,atrase,atrasad,atrasen
1097,alborota / alborotá,alborote,alborotad,alboroten
1098,retrasa / retrasá,retrase,retrasad,retrasen
1099,retribuye / retribuí,retribuya,retribuid,retribuyan
1100,reelige / reelegí,reelija,reelegid,reelijan
1101,descentraliza / descentralizá,descentralice,descentralizad,descentralicen
1102,soborna / soborná,soborne,sobornad,sobornen
1103,descuenta / descontá,descuente,descontad,descuenten
1104,designa / designá,designe,designad,designen
1105,altera / alterá,altere,alterad,alteren
1106,desconecta / desconectá,desconecte,desconectad,desconecten
1107,excede / excedé,exceda,exceded,excedan
1108,desvaría / desvariá,desvaríe,desvariad,desvaríen
1109,alerta / alertá,alerte,alertad,alerten
1110,sujeta / sujetá,sujete,sujetad,sujeten
1111,punza / punzá,punce,punzad,puncen
1112,asesora / asesorá,asesore,asesorad,asesoren
1113,estremece / estremecé,estremezca,estremeced,estremezcan
1114,presume / presumí,presuma,presumid,presuman
1115,descuida / descuidá,descuide,descuidad,descuiden
1116,profetiza / profetizá,profetice,profetizad,profeticen
1117,enuncia / enunciá,enuncie,enunciad,enuncien
1118,destituye / destituí,destituya,destituid,destituyan
1119,desaprueba / desaprobá,desapruebe,desaprobad,desaprueben
1120,sobrepón / sobreponé,sobreponga,sobreponed,sobrepongan
1121,descalza / descalzá,descalce,descalzad,descalcen
1122,murmura / murmurá,murmure,murmurad,murmuren
1123,truca / trucá,truque,trucad,truquen
1124,comparece / comparecé,comparezca,compareced,comparezcan
1125,derriba / derribá,derribe,derribad,derriben
1126,origina / originá,origine,originad,originen
1127,contrasta / contrastá,contraste,contrastad,contrasten
1128,restringe / restringí,restrinja,restringid,restrinjan
1129,loa / loá,loe,load,loen
1130,predispón / predisponé,predisponga,predisponed,predispongan
1131,proscribe / proscribí,proscriba,proscribid,proscriban
1132,argumenta / argumentá,argumente,argumentad,argumenten
1133,destapa / destapá,destape,destapad,destapen
1134,excava / excavá,excave,excavad,excaven
1135,retrocede / retrocedé,retroceda,retroceded,retrocedan
1136,presiona / presioná,presione,presionad,presionen
1137,turba / turbá,turbe,turbad,turben
1138,ambiciona / ambicioná,ambicione,ambicionad,ambicionen
1139,transporta / transportá,transporte,transportad,transporten
1140,revoluciona / revolucioná,revolucione,revolucionad,revolucionen
1141,supervisa / supervisá,supervise,supervisad,supervisen
1142,repinta / repintá,repinte,repintad,repinten
1143,lloriquea / lloriqueá,lloriquee,lloriquead,lloriqueen
1144,exfolia / exfoliá,exfolie,exfoliad,exfolien
1145,aceda / acedá,acede,acedad,aceden
1146,engruesa o engrosa / engrosá,engruese o engrose,engrosad,engruesen o engrosen
1147,desenfada / desenfadá,desenfade,desenfadad,desenfaden
1148,fomenta / fomentá,fomente,fomentad,fomenten
1149,rutila / rutilá,rutile,rutilad,rutilen
1150,vislumbra / vislumbrá,vislumbre,vislumbrad,vislumbren
1151,rotula / rotulá,rotule,rotulad,rotulen
1152,plantea / planteá,plantee,plantead,planteen
1153,permuta / permutá,permute,permutad,permuten
1154,indigna / indigná,indigne,indignad,indignen
1155,recusa / recusá,recuse,recusad,recusen
1156,intensifica / intensificá,intensifique,intensificad,intensifiquen
1157,excreta / excretá,excrete,excretad,excreten
1158,conlleva / conllevá,conlleve,conllevad,conlleven
1159,interpón / interponé,interponga,interponed,interpongan
1160,desiste / desistí,desista,desistid,desistan
1161,aturrulla / aturrullá,aturrulle,aturrullad,aturrullen
1162,desanda / desandá,desande,desandad,desanden
1163,resguarda / resguardá,resguarde,resguardad,resguarden
1164,conceptúa / conceptuá,conceptúe,conceptuad,conceptúen
1165,restablece / restablecé,restablezca,restableced,restablezcan
1166,superpón / superponé,superponga,superponed,superpongan
1167,ampara / ampará,ampare,amparad,amparen
1168,enmienda / enmendá,enmiende,enmendad,enmienden
1169,escurre / escurrí,escurra,escurrid,escurran
1170,exhala / exhalá,exhale,exhalad,exhalen
1171,exagera / exagerá,exagere,exagerad,exageren
1172,plumea / plumeá,plumee,plumead,plumeen
1173,engancha / enganchá,enganche,enganchad,enganchen
1174,enturbia / enturbiá,enturbie,enturbiad,enturbien
1175,desagrada / desagradá,desagrade,desagradad,desagraden
1176,reforma / reformá,reforme,reformad,reformen
1177,descifra / descifrá,descifre,descifrad,descifren
1178,desempolva / desempolvá,desempolve,desempolvad,desempolven
1179,refuerza / reforzá,refuerce,reforzad,refuercen
1180,repercute / repercutí,repercuta,repercutid,repercutan
1181,preserva / preservá,preserve,preservad,preserven
1182,exhuma / exhumá,exhume,exhumad,exhumen
1183,eructa / eructá,eructe,eructad,eructen
1184,regenera / regenerá,regenere,regenerad,regeneren
1185,precede / precedé,preceda,preceded,precedan
1186,unta / untá,unte,untad,unten
1187,enrolla / enrollá,enrolle,enrollad,enrollen
1188,consolida / consolidá,consolide,consolidad,consoliden
1189,ensancha / ensanchá,ensanche,ensanchad,ensanchen
1190,tripula / tripulá,tripule,tripulad,tripulen
1191,reboza / rebozá,reboce,rebozad,rebocen
1192,colorea / coloreá,coloree,coloread,coloreen
1193,profana / profaná,profane,profanad,profanen
1194,entuba / entubá,entube,entubad,entuben
1195,trasvasa / trasvasá,trasvase,trasvasad,trasvasen
1196,desenrosca / desenroscá,desenrosque,desenroscad,desenrosquen
1197,serrucha / serruchá,serruche,serruchad,serruchen
1198,resopla / resoplá,resople,resoplad,resoplen
1199,derrocha / derrochá,derroche,derrochad,derrochen
1200,exprime / exprimí,exprima,exprimid,expriman
1201,derrumba / derrumbá,derrumbe,derrumbad,derrumben
1202,sobresalta / sobresaltá,sobresalte,sobresaltad,sobresalten
1203,desperdiga / desperdigá,desperdigue,desperdigad,desperdiguen
1204,sobrescribe / sobrescribí,sobrescriba,sobrescribid,sobrescriban
1205,desengancha / desenganchá,desenganche,desenganchad,desenganchen
1206,equilibra / equilibrá,equilibre,equilibrad,equilibren
1207,lame / lamé,lama,lamed,laman
1208,expectora / expectorá,expectore,expectorad,expectoren
1209,exonera / exonerá,exonere,exonerad,exoneren
1210,tritura / triturá,triture,triturad,trituren
1211,daña / dañá,dañe,dañad,dañen
1212,chorrea / chorreá,chorree,chorread,chorreen
1213,cuaja / cuajá,cuaje,cuajad,cuajen
1214,embarra / embarrá,embarre,embarrad,embarren
1215,espesa / espesá,espese,espesad,espesen
1216,tiñe / teñí,tiña,teñid,tiñan
1217,riñe / reñí,riña,reñid,riñan
1218,aliña / aliñá,aliñe,aliñad,aliñen
1219,mosquea / mosqueá,mosquee,mosquead,mosqueen
1220,culpa / culpá,culpe,culpad,culpen
1221,señala / señalá,señale,señalad,señalen
1222,engaña / engañá,engañe,engañad,engañen
1223,añora / añorá,añore,añorad,añoren
1224,diseña / diseñá,diseñe,diseñad,diseñen
1225,escalda / escaldá,escalde,escaldad,escalden
1226,apuñala / apuñalá,apuñale,apuñalad,apuñalen
1227,desempeña / desempeñá,desempeñe,desempeñad,desempeñen
1228,regaña / regañá,regañe,regañad,regañen
1229,entraña / entrañá,entrañe,entrañad,entrañen
1230,reseña / reseñá,reseñe,reseñad,reseñen
