,yo,tu,el/ella,nosotros,vosotros,ellos/ellas
0,fui,fuiste,fue,fuimos,fuisteis,fueron
1,fui,fuiste,fue,fuimos,fuisteis,fueron
2,tuve,tuviste,tuvo,tuvimos,tuvisteis,tuvieron
3,hice,hiciste,hizo,hicimos,hicisteis,hicieron
4,estuve,estuviste,estuvo,estuvimos,estuvisteis,estuvieron
5,dije,dijiste,dijo,dijimos,dijisteis,dijeron
6,vi,viste,vio,vimos,visteis,vieron
7,hube,hubiste,hubo,hubimos,hubisteis,hubieron
8,di,diste,dio,dimos,disteis,dieron
9,pude,pudiste,pudo,pudimos,pudisteis,pudieron
10,hablé,hablaste,habló,hablamos,hablasteis,hablaron
11,quise,quisiste,quiso,quisimos,quisisteis,quisieron
12,vine,viniste,vino,vinimos,vinisteis,vinieron
13,comí,comiste,comió,comimos,comisteis,comieron
14,supe,supiste,supo,supimos,supisteis,supieron
15,puse,pusiste,puso,pusimos,pusisteis,pusieron
16,salí,saliste,salió,salimos,salisteis,salieron
17,leí,leíste,leyó,leímos,leísteis,leyeron
18,dormí,dormiste,durmió,dormimos,dormisteis,durmieron
19,volví,volviste,volvió,volvimos,volvisteis,volvieron
20,pedí,pediste,pidió,pedimos,pedisteis,pidieron
21,viví,viviste,vivió,vivimos,vivisteis,vivieron
22,traje,trajiste,trajo,trajimos,trajisteis,trajeron
23,llevé,llevaste,llevó,llevamos,llevasteis,llevaron
24,jugué,jugaste,jugó,jugamos,jugasteis,jugaron
25,llegué,llegaste,llegó,llegamos,llegasteis,llegaron
26,oí,oíste,oyó,oímos,oísteis,oyeron
27,tomé,tomaste,tomó,tomamos,tomasteis,tomaron
28,empecé,empezaste,empezó,empezamos,empezasteis,empezaron
29,conocí,conociste,conoció,conocimos,conocisteis,conocieron
30,seguí,seguiste,siguió,seguimos,seguisteis,siguieron
31,escribí,escribiste,escribió,escribimos,escribisteis,escribieron
32,compré,compraste,compró,compramos,comprasteis,compraron
33,sentí,sentiste,sintió,sentimos,sentisteis,sintieron
34,pensé,pensaste,pensó,pensamos,pensasteis,pensaron
35,bebí,bebiste,bebió,bebimos,bebisteis,bebieron
36,abrí,abriste,abrió,abrimos,abristeis,abrieron
37,gusté,gustaste,gustó,gustamos,gustasteis,gustaron
38,quejé,quejaste,quejó,quejamos,quejasteis,quejaron
39,caí,caíste,cayó,caímos,caísteis,cayeron
40,cerré,cerraste,cerró,cerramos,cerrasteis,cerraron
41,encontré,encontraste,encontró,encontramos,encontrasteis,encontraron
42,creí,creíste,creyó,creímos,creísteis,creyeron
43,perdí,perdiste,perdió,perdimos,perdisteis,perdieron
44,preferí,preferiste,prefirió,preferimos,preferisteis,prefirieron
45,quedé,quedaste,quedó,quedamos,quedasteis,quedaron
46,morí,moriste,murió,morimos,moristeis,murieron
47,serví,serviste,sirvió,servimos,servisteis,sirvieron
48,busqué,buscaste,buscó,buscamos,buscasteis,buscaron
49,trabajé,trabajaste,trabajó,trabajamos,trabajasteis,trabajaron
50,estudié,estudiaste,estudió,estudiamos,estudiasteis,estudiaron
51,senté,sentaste,sentó,sentamos,sentasteis,sentaron
52,comencé,comenzaste,comenzó,comenzamos,comenzasteis,comenzaron
53,conduje,condujiste,condujo,condujimos,condujisteis,condujeron
54,fui,fuiste,fue,fuimos,fuisteis,fueron
55,saqué,sacaste,sacó,sacamos,sacasteis,sacaron
56,aprendí,aprendiste,aprendió,aprendimos,aprendisteis,aprendieron
57,limpié,limpiaste,limpió,limpiamos,limpiasteis,limpiaron
58,llamé,llamaste,llamó,llamamos,llamasteis,llamaron
59,pagué,pagaste,pagó,pagamos,pagasteis,pagaron
60,corrí,corriste,corrió,corrimos,corristeis,corrieron
61,bailé,bailaste,bailó,bailamos,bailasteis,bailaron
62,terminé,terminaste,terminó,terminamos,terminasteis,terminaron
63,pasé,pasaste,pasó,pasamos,pasasteis,pasaron
64,dejé,dejaste,dejó,dejamos,dejasteis,dejaron
65,anduve,anduviste,anduvo,anduvimos,anduvisteis,anduvieron
66,entendí,entendiste,entendió,entendimos,entendisteis,entendieron
67,vestí,vestiste,vistió,vestimos,vestisteis,vistieron
68,visité,visitaste,visitó,visitamos,visitasteis,visitaron
69,almorcé,almorzaste,almorzó,almorzamos,almorzasteis,almorzaron
70,lloví,lloviste,llovió,llovimos,llovisteis,llovieron
71,divertí,divertiste,divirtió,divertimos,divertisteis,divirtieron
72,conseguí,conseguiste,consiguió,conseguimos,conseguisteis,consiguieron
73,repetí,repetiste,repitió,repetimos,repetisteis,repitieron
74,caminé,caminaste,caminó,caminamos,caminasteis,caminaron
75,esperé,esperaste,esperó,esperamos,esperasteis,esperaron
76,cambié,cambiaste,cambió,cambiamos,cambiasteis,cambiaron
77,elegí,elegiste,eligió,elegimos,elegisteis,eligieron
78,toqué,tocaste,tocó,tocamos,tocasteis,tocaron
79,miré,miraste,miró,miramos,mirasteis,miraron
80,cupe,cupiste,cupo,cupimos,cupisteis,cupieron
81,debí,debiste,debió,debimos,debisteis,debieron
82,recibí,recibiste,recibió,recibimos,recibisteis,recibieron
83,acosté,acostaste,acostó,acostamos,acostasteis,acostaron
84,levanté,levantaste,levantó,levantamos,levantasteis,levantaron
85,moví,moviste,movió,movimos,movisteis,movieron
86,canté,cantaste,cantó,cantamos,cantasteis,cantaron
87,ayudé,ayudaste,ayudó,ayudamos,ayudasteis,ayudaron
88,conté,contaste,contó,contamos,contasteis,contaron
89,vendí,vendiste,vendió,vendimos,vendisteis,vendieron
90,herví,herviste,hirvió,hervimos,hervisteis,hirvieron
91,gané,ganaste,ganó,ganamos,ganasteis,ganaron
92,viajé,viajaste,viajó,viajamos,viajasteis,viajaron
93,escuché,escuchaste,escuchó,escuchamos,escuchasteis,escucharon
94,cogí,cogiste,cogió,cogimos,cogisteis,cogieron
95,necesité,necesitaste,necesitó,necesitamos,necesitasteis,necesitaron
96,desperté,despertaste,despertó,despertamos,despertasteis,despertaron
97,recordé,recordaste,recordó,recordamos,recordasteis,recordaron
98,deseé,deseaste,deseó,deseamos,deseasteis,desearon
99,hui,huiste,huyó,huimos,huisteis,huyeron
100,decidí,decidiste,decidió,decidimos,decidisteis,decidieron
101,lavé,lavaste,lavó,lavamos,lavasteis,lavaron
102,subí,subiste,subió,subimos,subisteis,subieron
103,parecí,pareciste,pareció,parecimos,parecisteis,parecieron
104,practiqué,practicaste,practicó,practicamos,practicasteis,practicaron
105,nadé,nadaste,nadó,nadamos,nadasteis,nadaron
106,despedí,despediste,despidió,despedimos,despedisteis,despidieron
107,traduje,tradujiste,tradujo,tradujimos,tradujisteis,tradujeron
108,sonreí,sonreíste,sonrió,sonreímos,sonreísteis,sonrieron
109,mentí,mentiste,mintió,mentimos,mentisteis,mintieron
110,herí,heriste,hirió,herimos,heristeis,hirieron
111,usé,usaste,usó,usamos,usasteis,usaron
112,casé,casaste,casó,casamos,casasteis,casaron
113,sugerí,sugeriste,sugirió,sugerimos,sugeristeis,sugirieron
114,desayuné,desayunaste,desayunó,desayunamos,desayunasteis,desayunaron
115,ofrecí,ofreciste,ofreció,ofrecimos,ofrecisteis,ofrecieron
116,rompí,rompiste,rompió,rompimos,rompisteis,rompieron
117,hackeé,hackeaste,hackeó,hackeamos,hackeasteis,hackearon
118,devolví,devolviste,devolvió,devolvimos,devolvisteis,devolvieron
119,cubrí,cubriste,cubrió,cubrimos,cubristeis,cubrieron
120,olí,oliste,olió,olimos,olisteis,olieron
121,mantuve,mantuviste,mantuvo,mantuvimos,mantuvisteis,mantuvieron
122,mandé,mandaste,mandó,mandamos,mandasteis,mandaron
123,construí,construiste,construyó,construimos,construisteis,construyeron
124,nací,naciste,nació,nacimos,nacisteis,nacieron
125,comprendí,comprendiste,comprendió,comprendimos,comprendisteis,comprendieron
126,permití,permitiste,permitió,permitimos,permitisteis,permitieron
127,olvidé,olvidaste,olvidó,olvidamos,olvidasteis,olvidaron
128,abanderé,abanderaste,abanderó,abanderamos,abanderasteis,abanderaron
129,recomendé,recomendaste,recomendó,recomendamos,recomendasteis,recomendaron
130,asistí,asististe,asistió,asistimos,asististeis,asistieron
131,costé,costaste,costó,costamos,costasteis,costaron
132,envié,enviaste,envió,enviamos,enviasteis,enviaron
133,preparé,preparaste,preparó,preparamos,preparasteis,prepararon
134,cociné,cocinaste,cocinó,cocinamos,cocinasteis,cocinaron
135,compartí,compartiste,compartió,compartimos,compartisteis,compartieron
136,pregunté,preguntaste,preguntó,preguntamos,preguntasteis,preguntaron
137,cuidé,cuidaste,cuidó,cuidamos,cuidasteis,cuidaron
138,resolví,resolviste,resolvió,resolvimos,resolvisteis,resolvieron
139,callé,callaste,calló,callamos,callasteis,callaron
140,recogí,recogiste,recogió,recogimos,recogisteis,recogieron
141,mostré,mostraste,mostró,mostramos,mostrasteis,mostraron
142,helé,helaste,heló,helamos,helasteis,helaron
143,rogué,rogaste,rogó,rogamos,rogasteis,rogaron
144,crecí,creciste,creció,crecimos,crecisteis,crecieron
145,henchí,henchiste,hinchió,henchimos,henchisteis,hinchieron
146,habitué,habituaste,habituó,habituamos,habituasteis,habituaron
147,amé,amaste,amó,amamos,amasteis,amaron
148,soné,sonaste,sonó,sonamos,sonasteis,sonaron
149,escogí,escogiste,escogió,escogimos,escogisteis,escogieron
150,dolí,doliste,dolió,dolimos,dolisteis,dolieron
151,exigí,exigiste,exigió,exigimos,exigisteis,exigieron
152,entré,entraste,entró,entramos,entrasteis,entraron
153,volé,volaste,voló,volamos,volasteis,volaron
154,expliqué,explicaste,explicó,explicamos,explicasteis,explicaron
155,destruí,destruiste,destruyó,destruimos,destruisteis,destruyeron
156,navegué,navegaste,navegó,navegamos,navegasteis,navegaron
157,lloré,lloraste,lloró,lloramos,llorasteis,lloraron
158,valí,valiste,valió,valimos,valisteis,valieron
159,apagué,apagaste,apagó,apagamos,apagasteis,apagaron
160,probé,probaste,probó,probamos,probasteis,probaron
161,halagué,halagaste,halagó,halagamos,halagasteis,halagaron
162,manejé,manejaste,manejó,manejamos,manejasteis,manejaron
163,corté,cortaste,cortó,cortamos,cortasteis,cortaron
164,obtuve,obtuviste,obtuvo,obtuvimos,obtuvisteis,obtuvieron
165,gocé,gozaste,gozó,gozamos,gozasteis,gozaron
166,harté,hartaste,hartó,hartamos,hartasteis,hartaron
167,sufrí,sufriste,sufrió,sufrimos,sufristeis,sufrieron
168,incluí,incluiste,incluyó,incluimos,incluisteis,incluyeron
169,habilité,habilitaste,habilitó,habilitamos,habilitasteis,habilitaron
170,aburrí,aburriste,aburrió,aburrimos,aburristeis,aburrieron
171,habité,habitaste,habitó,habitamos,habitasteis,habitaron
172,eché,echaste,echó,echamos,echasteis,echaron
173,regresé,regresaste,regresó,regresamos,regresasteis,regresaron
174,corregí,corregiste,corrigió,corregimos,corregisteis,corrigieron
175,presté,prestaste,prestó,prestamos,prestasteis,prestaron
176,barrí,barriste,barrió,barrimos,barristeis,barrieron
177,hacendé,hacendaste,hacendó,hacendamos,hacendasteis,hacendaron
178,sequé,secaste,secó,secamos,secasteis,secaron
179,crucé,cruzaste,cruzó,cruzamos,cruzasteis,cruzaron
180,hinché,hinchaste,hinchó,hinchamos,hinchasteis,hincharon
181,hostigué,hostigaste,hostigó,hostigamos,hostigasteis,hostigaron
182,empaqué,empacaste,empacó,empacamos,empacasteis,empacaron
183,hospedé,hospedaste,hospedó,hospedamos,hospedasteis,hospedaron
184,cené,cenaste,cenó,cenamos,cenasteis,cenaron
185,defendí,defendiste,defendió,defendimos,defendisteis,defendieron
186,entregué,entregaste,entregó,entregamos,entregasteis,entregaron
187,sumergí,sumergiste,sumergió,sumergimos,sumergisteis,sumergieron
188,produje,produjiste,produjo,produjimos,produjisteis,produjeron
189,acabé,acabaste,acabó,acabamos,acabasteis,acabaron
190,organicé,organizaste,organizó,organizamos,organizasteis,organizaron
191,bajé,bajaste,bajó,bajamos,bajasteis,bajaron
192,solí,soliste,solió,solimos,solisteis,solieron
193,patiné,patinaste,patinó,patinamos,patinasteis,patinaron
194,colgué,colgaste,colgó,colgamos,colgasteis,colgaron
195,calenté,calentaste,calentó,calentamos,calentasteis,calentaron
196,hipnoticé,hipnotizaste,hipnotizó,hipnotizamos,hipnotizasteis,hipnotizaron
197,peiné,peinaste,peinó,peinamos,peinasteis,peinaron
198,tendí,tendiste,tendió,tendimos,tendisteis,tendieron
199,contesté,contestaste,contestó,contestamos,contestasteis,contestaron
200,encendí,encendiste,encendió,encendimos,encendisteis,encendieron
201,participé,participaste,participó,participamos,participasteis,participaron
202,haciné,hacinaste,hacinó,hacinamos,hacinasteis,hacinaron
203,quité,quitaste,quitó,quitamos,quitasteis,quitaron
204,heredé,heredaste,heredó,heredamos,heredasteis,heredaron
205,creé,creaste,creó,creamos,creasteis,crearon
206,discutí,discutiste,discutió,discutimos,discutisteis,discutieron
207,acepté,aceptaste,aceptó,aceptamos,aceptasteis,aceptaron
208,descubrí,descubriste,descubrió,descubrimos,descubristeis,descubrieron
209,gasté,gastaste,gastó,gastamos,gastasteis,gastaron
210,dirigí,dirigiste,dirigió,dirigimos,dirigisteis,dirigieron
211,abracé,abrazaste,abrazó,abrazamos,abrazasteis,abrazaron
212,yací,yaciste,yació,yacimos,yacisteis,yacieron
213,paré,paraste,paró,paramos,parasteis,pararon
214,obedecí,obedeciste,obedeció,obedecimos,obedecisteis,obedecieron
215,disfruté,disfrutaste,disfrutó,disfrutamos,disfrutasteis,disfrutaron
216,negué,negaste,negó,negamos,negasteis,negaron
217,interesé,interesaste,interesó,interesamos,interesasteis,interesaron
218,traté,trataste,trató,tratamos,tratasteis,trataron
219,protegí,protegiste,protegió,protegimos,protegisteis,protegieron
220,cumplí,cumpliste,cumplió,cumplimos,cumplisteis,cumplieron
221,abandoné,abandonaste,abandonó,abandonamos,abandonasteis,abandonaron
222,medí,mediste,midió,medimos,medisteis,midieron
223,nevé,nevaste,nevó,nevamos,nevasteis,nevaron
224,cansé,cansaste,cansó,cansamos,cansasteis,cansaron
225,sacudí,sacudiste,sacudió,sacudimos,sacudisteis,sacudieron
226,invertí,invertiste,invirtió,invertimos,invertisteis,invirtieron
227,me arrepentí,te arrepentiste,se arrepintió,nos arrepentimos,os arrepentisteis,se arrepintieron
228,fijé,fijaste,fijó,fijamos,fijasteis,fijaron
229,duché,duchaste,duchó,duchamos,duchasteis,ducharon
230,encanté,encantaste,encantó,encantamos,encantasteis,encantaron
231,firmé,firmaste,firmó,firmamos,firmasteis,firmaron
232,sofreí,sofreíste,sofrió,sofreímos,sofreísteis,sofrieron
233,besé,besaste,besó,besamos,besasteis,besaron
234,contribuí,contribuiste,contribuyó,contribuimos,contribuisteis,contribuyeron
235,mezclé,mezclaste,mezcló,mezclamos,mezclasteis,mezclaron
236,llené,llenaste,llenó,llenamos,llenasteis,llenaron
237,regué,regaste,regó,regamos,regasteis,regaron
238,bendije,bendijiste,bendijo,bendijimos,bendijisteis,bendijeron
239,acordé,acordaste,acordó,acordamos,acordasteis,acordaron
240,utilicé,utilizaste,utilizó,utilizamos,utilizasteis,utilizaron
241,reciclé,reciclaste,recicló,reciclamos,reciclasteis,reciclaron
242,ahorré,ahorraste,ahorró,ahorramos,ahorrasteis,ahorraron
243,respondí,respondiste,respondió,respondimos,respondisteis,respondieron
244,paseé,paseaste,paseó,paseamos,paseasteis,pasearon
245,poseí,poseíste,poseyó,poseímos,poseísteis,poseyeron
246,influí,influiste,influyó,influimos,influisteis,influyeron
247,malentendí,malentendiste,malentendió,malentendimos,malentendisteis,malentendieron
248,continué,continuaste,continuó,continuamos,continuasteis,continuaron
249,junté,juntaste,juntó,juntamos,juntasteis,juntaron
250,vaqué,vacaste,vacó,vacamos,vacasteis,vacaron
251,monté,montaste,montó,montamos,montasteis,montaron
252,torcí,torciste,torció,torcimos,torcisteis,torcieron
253,intenté,intentaste,intentó,intentamos,intentasteis,intentaron
254,supuse,supusiste,supuso,supusimos,supusisteis,supusieron
255,gradué,graduaste,graduó,graduamos,graduasteis,graduaron
256,merendé,merendaste,merendó,merendamos,merendasteis,merendaron
257,vencí,venciste,venció,vencimos,vencisteis,vencieron
258,partí,partiste,partió,partimos,partisteis,partieron
259,descansé,descansaste,descansó,descansamos,descansasteis,descansaron
260,atraje,atrajiste,atrajo,atrajimos,atrajisteis,atrajeron
261,establecí,estableciste,estableció,establecimos,establecisteis,establecieron
262,invité,invitaste,invitó,invitamos,invitasteis,invitaron
263,vertí,vertiste,vertió,vertimos,vertisteis,vertieron
264,ocurrí,ocurriste,ocurrió,ocurrimos,ocurristeis,ocurrieron
265,imprimí,imprimiste,imprimió,imprimimos,imprimisteis,imprimieron
266,buceé,buceaste,buceó,buceamos,buceasteis,bucearon
267,zafé,zafaste,zafó,zafamos,zafasteis,zafaron
268,abaniqué,abanicaste,abanicó,abanicamos,abanicasteis,abanicaron
269,reconocí,reconociste,reconoció,reconocimos,reconocisteis,reconocieron
270,grité,gritaste,gritó,gritamos,gritasteis,gritaron
271,convencí,convenciste,convenció,convencimos,convencisteis,convencieron
272,temí,temiste,temió,temimos,temisteis,temieron
273,satisfice,satisficiste,satisfizo,satisficimos,satisficisteis,satisficieron
274,maté,mataste,mató,matamos,matasteis,mataron
275,advertí,advertiste,advirtió,advertimos,advertisteis,advirtieron
276,abogué,abogaste,abogó,abogamos,abogasteis,abogaron
277,insistí,insististe,insistió,insistimos,insististeis,insistieron
278,apetecí,apeteciste,apeteció,apetecimos,apetecisteis,apetecieron
279,falté,faltaste,faltó,faltamos,faltasteis,faltaron
280,giré,giraste,giró,giramos,girasteis,giraron
281,preocupé,preocupaste,preocupó,preocupamos,preocupasteis,preocuparon
282,arreglé,arreglaste,arregló,arreglamos,arreglasteis,arreglaron
283,adelgacé,adelgazaste,adelgazó,adelgazamos,adelgazasteis,adelgazaron
284,metí,metiste,metió,metimos,metisteis,metieron
285,saludé,saludaste,saludó,saludamos,saludasteis,saludaron
286,fingí,fingiste,fingió,fingimos,fingisteis,fingieron
287,peleé,peleaste,peleó,peleamos,peleasteis,pelearon
288,piqué,picaste,picó,picamos,picasteis,picaron
289,tiré,tiraste,tiró,tiramos,tirasteis,tiraron
290,cagué,cagaste,cagó,cagamos,cagasteis,cagaron
291,vacié,vaciaste,vació,vaciamos,vaciasteis,vaciaron
292,dediqué,dedicaste,dedicó,dedicamos,dedicasteis,dedicaron
293,mudé,mudaste,mudó,mudamos,mudasteis,mudaron
294,sorprendí,sorprendiste,sorprendió,sorprendimos,sorprendisteis,sorprendieron
295,abatí,abatiste,abatió,abatimos,abatisteis,abatieron
296,uní,uniste,unió,unimos,unisteis,unieron
297,salté,saltaste,saltó,saltamos,saltasteis,saltaron
298,quemé,quemaste,quemó,quemamos,quemasteis,quemaron
299,recomencé,recomenzaste,recomenzó,recomenzamos,recomenzasteis,recomenzaron
300,odié,odiaste,odió,odiamos,odiasteis,odiaron
301,actué,actuaste,actuó,actuamos,actuasteis,actuaron
302,aparecí,apareciste,apareció,aparecimos,aparecisteis,aparecieron
303,salvé,salvaste,salvó,salvamos,salvasteis,salvaron
304,agradecí,agradeciste,agradeció,agradecimos,agradecisteis,agradecieron
305,dibujé,dibujaste,dibujó,dibujamos,dibujasteis,dibujaron
306,guardé,guardaste,guardó,guardamos,guardasteis,guardaron
307,impedí,impediste,impidió,impedimos,impedisteis,impidieron
308,aprobé,aprobaste,aprobó,aprobamos,aprobasteis,aprobaron
309,fumé,fumaste,fumó,fumamos,fumasteis,fumaron
310,celebré,celebraste,celebró,celebramos,celebrasteis,celebraron
311,recorrí,recorriste,recorrió,recorrimos,recorristeis,recorrieron
312,reuní,reuniste,reunió,reunimos,reunisteis,reunieron
313,quebré,quebraste,quebró,quebramos,quebrasteis,quebraron
314,reduje,redujiste,redujo,redujimos,redujisteis,redujeron
315,tardé,tardaste,tardó,tardamos,tardasteis,tardaron
316,merecí,mereciste,mereció,merecimos,merecisteis,merecieron
317,realicé,realizaste,realizó,realizamos,realizasteis,realizaron
318,marché,marchaste,marchó,marchamos,marchasteis,marcharon
319,ejercí,ejerciste,ejerció,ejercimos,ejercisteis,ejercieron
320,cuestioné,cuestionaste,cuestionó,cuestionamos,cuestionasteis,cuestionaron
321,competí,competiste,compitió,competimos,competisteis,compitieron
322,choqué,chocaste,chocó,chocamos,chocasteis,chocaron
323,ordené,ordenaste,ordenó,ordenamos,ordenasteis,ordenaron
324,marqué,marcaste,marcó,marcamos,marcasteis,marcaron
325,averigüé,averiguaste,averiguó,averiguamos,averiguasteis,averiguaron
326,demostré,demostraste,demostró,demostramos,demostrasteis,demostraron
327,cancelé,cancelaste,canceló,cancelamos,cancelasteis,cancelaron
328,convertí,convertiste,convirtió,convertimos,convertisteis,convirtieron
329,lancé,lanzaste,lanzó,lanzamos,lanzasteis,lanzaron
330,acerqué,acercaste,acercó,acercamos,acercasteis,acercaron
331,pinté,pintaste,pintó,pintamos,pintasteis,pintaron
332,afeité,afeitaste,afeitó,afeitamos,afeitasteis,afeitaron
333,escondí,escondiste,escondió,escondimos,escondisteis,escondieron
334,pegué,pegaste,pegó,pegamos,pegasteis,pegaron
335,enfoqué,enfocaste,enfocó,enfocamos,enfocasteis,enfocaron
336,abolí,aboliste,abolió,abolimos,abolisteis,abolieron
337,colegí,colegiste,coligió,colegimos,colegisteis,coligieron
338,gemí,gemiste,gimió,gemimos,gemisteis,gimieron
339,abstuve,abstuviste,abstuvo,abstuvimos,abstuvisteis,abstuvieron
340,alquilé,alquilaste,alquiló,alquilamos,alquilasteis,alquilaron
341,kilometré,kilometraste,kilometró,kilometramos,kilometrasteis,kilometraron
342,apoyé,apoyaste,apoyó,apoyamos,apoyasteis,apoyaron
343,esquié,esquiaste,esquió,esquiamos,esquiasteis,esquiaron
344,amenacé,amenazaste,amenazó,amenazamos,amenazasteis,amenazaron
345,avisé,avisaste,avisó,avisamos,avisasteis,avisaron
346,planeé,planeaste,planeó,planeamos,planeasteis,planearon
347,aboqué,abocaste,abocó,abocamos,abocasteis,abocaron
348,desaparecí,desapareciste,desapareció,desaparecimos,desaparecisteis,desaparecieron
349,cargué,cargaste,cargó,cargamos,cargasteis,cargaron
350,abarqué,abarcaste,abarcó,abarcamos,abarcasteis,abarcaron
351,abofeteé,abofeteaste,abofeteó,abofeteamos,abofeteasteis,abofetearon
352,borré,borraste,borró,borramos,borrasteis,borraron
353,atendí,atendiste,atendió,atendimos,atendisteis,atendieron
354,abdiqué,abdicaste,abdicó,abdicamos,abdicasteis,abdicaron
355,ocupé,ocupaste,ocupó,ocupamos,ocupasteis,ocuparon
356,guie,guiaste,guio,guiamos,guiasteis,guiaron
357,propuse,propusiste,propuso,propusimos,propusisteis,propusieron
358,abastecí,abasteciste,abasteció,abastecimos,abastecisteis,abastecieron
359,tosí,tosiste,tosió,tosimos,tosisteis,tosieron
360,aterricé,aterrizaste,aterrizó,aterrizamos,aterrizasteis,aterrizaron
361,definí,definiste,definió,definimos,definisteis,definieron
362,califiqué,calificaste,calificó,calificamos,calificasteis,calificaron
363,describí,describiste,describió,describimos,describisteis,describieron
364,dependí,dependiste,dependió,dependimos,dependisteis,dependieron
365,xerocopié,xerocopiaste,xerocopió,xerocopiamos,xerocopiasteis,xerocopiaron
366,deletreé,deletreaste,deletreó,deletreamos,deletreasteis,deletrearon
367,opuse,opusiste,opuso,opusimos,opusisteis,opusieron
368,cabalgué,cabalgaste,cabalgó,cabalgamos,cabalgasteis,cabalgaron
369,aproveché,aprovechaste,aprovechó,aprovechamos,aprovechasteis,aprovecharon
370,golpeé,golpeaste,golpeó,golpeamos,golpeasteis,golpearon
371,alcancé,alcanzaste,alcanzó,alcanzamos,alcanzasteis,alcanzaron
372,beneficié,beneficiaste,benefició,beneficiamos,beneficiasteis,beneficiaron
373,cepillé,cepillaste,cepilló,cepillamos,cepillasteis,cepillaron
374,goberné,gobernaste,gobernó,gobernamos,gobernasteis,gobernaron
375,mordí,mordiste,mordió,mordimos,mordisteis,mordieron
376,aboné,abonaste,abonó,abonamos,abonasteis,abonaron
377,sembré,sembraste,sembró,sembramos,sembrasteis,sembraron
378,transferí,transferiste,transfirió,transferimos,transferisteis,transfirieron
379,coloqué,colocaste,colocó,colocamos,colocasteis,colocaron
380,coloqué,colocaste,colocó,colocamos,colocasteis,colocaron
381,juzgué,juzgaste,juzgó,juzgamos,juzgasteis,juzgaron
382,prohibí,prohibiste,prohibió,prohibimos,prohibisteis,prohibieron
383,detuve,detuviste,detuvo,detuvimos,detuvisteis,detuvieron
384,publiqué,publicaste,publicó,publicamos,publicasteis,publicaron
385,malgasté,malgastaste,malgastó,malgastamos,malgastasteis,malgastaron
386,madrugué,madrugaste,madrugó,madrugamos,madrugasteis,madrugaron
387,enamoré,enamoraste,enamoró,enamoramos,enamorasteis,enamoraron
388,regalé,regalaste,regaló,regalamos,regalasteis,regalaron
389,imaginé,imaginaste,imaginó,imaginamos,imaginasteis,imaginaron
390,mejoré,mejoraste,mejoró,mejoramos,mejorasteis,mejoraron
391,padecí,padeciste,padeció,padecimos,padecisteis,padecieron
392,fasciné,fascinaste,fascinó,fascinamos,fascinasteis,fascinaron
393,adquirí,adquiriste,adquirió,adquirimos,adquiristeis,adquirieron
394,zampé,zampaste,zampó,zampamos,zampasteis,zamparon
395,abominé,abominaste,abominó,abominamos,abominasteis,abominaron
396,juré,juraste,juró,juramos,jurasteis,juraron
397,dudé,dudaste,dudó,dudamos,dudasteis,dudaron
398,perseguí,perseguiste,persiguió,perseguimos,perseguisteis,persiguieron
399,maquillé,maquillaste,maquilló,maquillamos,maquillasteis,maquillaron
400,bauticé,bautizaste,bautizó,bautizamos,bautizasteis,bautizaron
401,jubilé,jubilaste,jubiló,jubilamos,jubilasteis,jubilaron
402,rechacé,rechazaste,rechazó,rechazamos,rechazasteis,rechazaron
403,introduje,introdujiste,introdujo,introdujimos,introdujisteis,introdujeron
404,bienquise,bienquisiste,bienquiso,bienquisimos,bienquisisteis,bienquisieron
405,impuse,impusiste,impuso,impusimos,impusisteis,impusieron
406,basté,bastaste,bastó,bastamos,bastasteis,bastaron
407,obligué,obligaste,obligó,obligamos,obligasteis,obligaron
408,confié,confiaste,confió,confiamos,confiasteis,confiaron
409,temblé,temblaste,tembló,temblamos,temblasteis,temblaron
410,pertenecí,perteneciste,perteneció,pertenecimos,pertenecisteis,pertenecieron
411,eliminé,eliminaste,eliminó,eliminamos,eliminasteis,eliminaron
412,confesé,confesaste,confesó,confesamos,confesasteis,confesaron
413,percaté,percataste,percató,percatamos,percatasteis,percataron
414,enfrié,enfriaste,enfrió,enfriamos,enfriasteis,enfriaron
415,grabé,grabaste,grabó,grabamos,grabasteis,grabaron
416,pelé,pelaste,peló,pelamos,pelasteis,pelaron
417,identifiqué,identificaste,identificó,identificamos,identificasteis,identificaron
418,distinguí,distinguiste,distinguió,distinguimos,distinguisteis,distinguieron
419,abaraté,abarataste,abarató,abaratamos,abaratasteis,abarataron
420,molesté,molestaste,molestó,molestamos,molestasteis,molestaron
421,atravesé,atravesaste,atravesó,atravesamos,atravesasteis,atravesaron
422,distribuí,distribuiste,distribuyó,distribuimos,distribuisteis,distribuyeron
423,machaqué,machacaste,machacó,machacamos,machacasteis,machacaron
424,importé,importaste,importó,importamos,importasteis,importaron
425,fabriqué,fabricaste,fabricó,fabricamos,fabricasteis,fabricaron
426,até,ataste,ató,atamos,atasteis,ataron
427,observé,observaste,observó,observamos,observasteis,observaron
428,bloqueé,bloqueaste,bloqueó,bloqueamos,bloqueasteis,bloquearon
429,yuxtapuse,yuxtapusiste,yuxtapuso,yuxtapusimos,yuxtapusisteis,yuxtapusieron
430,atreví,atreviste,atrevió,atrevimos,atrevisteis,atrevieron
431,decoré,decoraste,decoró,decoramos,decorasteis,decoraron
432,bostecé,bostezaste,bostezó,bostezamos,bostezasteis,bostezaron
433,avancé,avanzaste,avanzó,avanzamos,avanzasteis,avanzaron
434,revolví,revolviste,revolvió,revolvimos,revolvisteis,revolvieron
435,comenté,comentaste,comentó,comentamos,comentasteis,comentaron
436,nombré,nombraste,nombró,nombramos,nombrasteis,nombraron
437,fregué,fregaste,fregó,fregamos,fregasteis,fregaron
438,fallé,fallaste,falló,fallamos,fallasteis,fallaron
439,relajé,relajaste,relajó,relajamos,relajasteis,relajaron
440,ubiqué,ubicaste,ubicó,ubicamos,ubicasteis,ubicaron
441,abasté,abastaste,abastó,abastamos,abastasteis,abastaron
442,recalenté,recalentaste,recalentó,recalentamos,recalentasteis,recalentaron
443,permanecí,permaneciste,permaneció,permanecimos,permanecisteis,permanecieron
444,florecí,floreciste,floreció,florecimos,florecisteis,florecieron
445,zumbé,zumbaste,zumbó,zumbamos,zumbasteis,zumbaron
446,fiché,fichaste,fichó,fichamos,fichasteis,ficharon
447,zarpé,zarpaste,zarpó,zarpamos,zarpasteis,zarparon
448,maldije,maldijiste,maldijo,maldijimos,maldijisteis,maldijeron
449,lamenté,lamentaste,lamentó,lamentamos,lamentasteis,lamentaron
450,alegré,alegraste,alegró,alegramos,alegrasteis,alegraron
451,agregué,agregaste,agregó,agregamos,agregasteis,agregaron
452,carecí,careciste,careció,carecimos,carecisteis,carecieron
453,existí,exististe,existió,existimos,exististeis,existieron
454,eduqué,educaste,educó,educamos,educasteis,educaron
455,caractericé,caracterizaste,caracterizó,caracterizamos,caracterizasteis,caracterizaron
456,fie,fiaste,fio,fiamos,fiasteis,fiaron
457,receté,recetaste,recetó,recetamos,recetasteis,recetaron
458,embarqué,embarcaste,embarcó,embarcamos,embarcasteis,embarcaron
459,abjuré,abjuraste,abjuró,abjuramos,abjurasteis,abjuraron
460,prometí,prometiste,prometió,prometimos,prometisteis,prometieron
461,ablandé,ablandaste,ablandó,ablandamos,ablandasteis,ablandaron
462,patrullé,patrullaste,patrulló,patrullamos,patrullasteis,patrullaron
463,denegué,denegaste,denegó,denegamos,denegasteis,denegaron
464,abarroté,abarrotaste,abarrotó,abarrotamos,abarrotasteis,abarrotaron
465,indagué,indagaste,indagó,indagamos,indagasteis,indagaron
466,justifiqué,justificaste,justificó,justificamos,justificasteis,justificaron
467,pesqué,pescaste,pescó,pescamos,pescasteis,pescaron
468,copié,copiaste,copió,copiamos,copiasteis,copiaron
469,añadí,añadiste,añadió,añadimos,añadisteis,añadieron
470,equivoqué,equivocaste,equivocó,equivocamos,equivocasteis,equivocaron
471,bloqué,blocaste,blocó,blocamos,blocasteis,blocaron
472,aboceté,abocetaste,abocetó,abocetamos,abocetasteis,abocetaron
473,opiné,opinaste,opinó,opinamos,opinasteis,opinaron
474,lie,liaste,lio,liamos,liasteis,liaron
475,enojé,enojaste,enojó,enojamos,enojasteis,enojaron
476,ofendí,ofendiste,ofendió,ofendimos,ofendisteis,ofendieron
477,bequé,becaste,becó,becamos,becasteis,becaron
478,concluí,concluiste,concluyó,concluimos,concluisteis,concluyeron
479,luché,luchaste,luchó,luchamos,luchasteis,lucharon
480,aconsejé,aconsejaste,aconsejó,aconsejamos,aconsejasteis,aconsejaron
481,doblé,doblaste,dobló,doblamos,doblasteis,doblaron
482,finalicé,finalizaste,finalizó,finalizamos,finalizasteis,finalizaron
483,facturé,facturaste,facturó,facturamos,facturasteis,facturaron
484,combiné,combinaste,combinó,combinamos,combinasteis,combinaron
485,signifiqué,significaste,significó,significamos,significasteis,significaron
486,razoné,razonaste,razonó,razonamos,razonasteis,razonaron
487,calmé,calmaste,calmó,calmamos,calmasteis,calmaron
488,pendí,pendiste,pendió,pendimos,pendisteis,pendieron
489,declaré,declaraste,declaró,declaramos,declarasteis,declararon
490,vendé,vendaste,vendó,vendamos,vendasteis,vendaron
491,robé,robaste,robó,robamos,robasteis,robaron
492,reservé,reservaste,reservó,reservamos,reservasteis,reservaron
493,capturé,capturaste,capturó,capturamos,capturasteis,capturaron
494,maltraje,maltrajiste,maltrajo,maltrajimos,maltrajisteis,maltrajeron
495,abollé,abollaste,abolló,abollamos,abollasteis,abollaron
496,narré,narraste,narró,narramos,narrasteis,narraron
497,charlé,charlaste,charló,charlamos,charlasteis,charlaron
498,favorecí,favoreciste,favoreció,favorecimos,favorecisteis,favorecieron
499,convine,conviniste,convino,convinimos,convinisteis,convinieron
500,decrecí,decreciste,decreció,decrecimos,decrecisteis,decrecieron
501,presenté,presentaste,presentó,presentamos,presentasteis,presentaron
502,edité,editaste,editó,editamos,editasteis,editaron
503,comuniqué,comunicaste,comunicó,comunicamos,comunicasteis,comunicaron
504,manifesté,manifestaste,manifestó,manifestamos,manifestasteis,manifestaron
505,lesioné,lesionaste,lesionó,lesionamos,lesionasteis,lesionaron
506,idealicé,idealizaste,idealizó,idealizamos,idealizasteis,idealizaron
507,ejercité,ejercitaste,ejercitó,ejercitamos,ejercitasteis,ejercitaron
508,investigué,investigaste,investigó,investigamos,investigasteis,investigaron
509,compuse,compusiste,compuso,compusimos,compusisteis,compusieron
510,oculté,ocultaste,ocultó,ocultamos,ocultasteis,ocultaron
511,felicité,felicitaste,felicitó,felicitamos,felicitasteis,felicitaron
512,floté,flotaste,flotó,flotamos,flotasteis,flotaron
513,duré,duraste,duró,duramos,durasteis,duraron
514,emigré,emigraste,emigró,emigramos,emigrasteis,emigraron
515,fastidié,fastidiaste,fastidió,fastidiamos,fastidiasteis,fastidiaron
516,tapé,tapaste,tapó,tapamos,tapasteis,taparon
517,crie,criaste,crio,criamos,criasteis,criaron
518,porté,portaste,portó,portamos,portasteis,portaron
519,recé,rezaste,rezó,rezamos,rezasteis,rezaron
520,vagué,vagaste,vagó,vagamos,vagasteis,vagaron
521,varié,variaste,varió,variamos,variasteis,variaron
522,edifiqué,edificaste,edificó,edificamos,edificasteis,edificaron
523,anuncié,anunciaste,anunció,anunciamos,anunciasteis,anunciaron
524,logré,lograste,logró,logramos,lograsteis,lograron
525,reaccioné,reaccionaste,reaccionó,reaccionamos,reaccionasteis,reaccionaron
526,respeté,respetaste,respetó,respetamos,respetasteis,respetaron
527,tejí,tejiste,tejió,tejimos,tejisteis,tejieron
528,fatigué,fatigaste,fatigó,fatigamos,fatigasteis,fatigaron
529,listé,listaste,listó,listamos,listasteis,listaron
530,omití,omitiste,omitió,omitimos,omitisteis,omitieron
531,boté,botaste,botó,botamos,botasteis,botaron
532,embellecí,embelleciste,embelleció,embellecimos,embellecisteis,embellecieron
533,subrayé,subrayaste,subrayó,subrayamos,subrayasteis,subrayaron
534,envolví,envolviste,envolvió,envolvimos,envolvisteis,envolvieron
535,depuse,depusiste,depuso,depusimos,depusisteis,depusieron
536,enseñé,enseñaste,enseñó,enseñamos,enseñasteis,enseñaron
537,disminuí,disminuiste,disminuyó,disminuimos,disminuisteis,disminuyeron
538,calculé,calculaste,calculó,calculamos,calculasteis,calcularon
539,aumenté,aumentaste,aumentó,aumentamos,aumentasteis,aumentaron
540,seduje,sedujiste,sedujo,sedujimos,sedujisteis,sedujeron
541,castigué,castigaste,castigó,castigamos,castigasteis,castigaron
542,indiqué,indicaste,indicó,indicamos,indicasteis,indicaron
543,negocié,negociaste,negoció,negociamos,negociasteis,negociaron
544,agarré,agarraste,agarró,agarramos,agarrasteis,agarraron
545,ignoré,ignoraste,ignoró,ignoramos,ignorasteis,ignoraron
546,emborraché,emborrachaste,emborrachó,emborrachamos,emborrachasteis,emborracharon
547,funcioné,funcionaste,funcionó,funcionamos,funcionasteis,funcionaron
548,deprimí,deprimiste,deprimió,deprimimos,deprimisteis,deprimieron
549,mareé,mareaste,mareó,mareamos,mareasteis,marearon
550,unifiqué,unificaste,unificó,unificamos,unificasteis,unificaron
551,ataqué,atacaste,atacó,atacamos,atacasteis,atacaron
552,limité,limitaste,limitó,limitamos,limitasteis,limitaron
553,impresioné,impresionaste,impresionó,impresionamos,impresionasteis,impresionaron
554,operé,operaste,operó,operamos,operasteis,operaron
555,efectué,efectuaste,efectuó,efectuamos,efectuasteis,efectuaron
556,evité,evitaste,evitó,evitamos,evitasteis,evitaron
557,pellizqué,pellizcaste,pellizcó,pellizcamos,pellizcasteis,pellizcaron
558,reciproqué,reciprocaste,reciprocó,reciprocamos,reciprocasteis,reciprocaron
559,predije,predijiste,predijo,predijimos,predijisteis,predijeron
560,sangré,sangraste,sangró,sangramos,sangrasteis,sangraron
561,legalicé,legalizaste,legalizó,legalizamos,legalizasteis,legalizaron
562,balanceé,balanceaste,balanceó,balanceamos,balanceasteis,balancearon
563,comprobé,comprobaste,comprobó,comprobamos,comprobasteis,comprobaron
564,granicé,granizaste,granizó,granizamos,granizasteis,granizaron
565,acerté,acertaste,acertó,acertamos,acertasteis,acertaron
566,interrumpí,interrumpiste,interrumpió,interrumpimos,interrumpisteis,interrumpieron
567,recaí,recaíste,recayó,recaímos,recaísteis,recayeron
568,cosí,cosiste,cosió,cosimos,cosisteis,cosieron
569,informé,informaste,informó,informamos,informasteis,informaron
570,electrifiqué,electrificaste,electrificó,electrificamos,electrificasteis,electrificaron
571,abordé,abordaste,abordó,abordamos,abordasteis,abordaron
572,blanquecí,blanqueciste,blanqueció,blanquecimos,blanquecisteis,blanquecieron
573,contuve,contuviste,contuvo,contuvimos,contuvisteis,contuvieron
574,calé,calaste,caló,calamos,calasteis,calaron
575,elogié,elogiaste,elogió,elogiamos,elogiasteis,elogiaron
576,eclosioné,eclosionaste,eclosionó,eclosionamos,eclosionasteis,eclosionaron
577,ejecuté,ejecutaste,ejecutó,ejecutamos,ejecutasteis,ejecutaron
578,doré,doraste,doró,doramos,dorasteis,doraron
579,guisé,guisaste,guisó,guisamos,guisasteis,guisaron
580,aprecié,apreciaste,apreció,apreciamos,apreciasteis,apreciaron
581,facilité,facilitaste,facilitó,facilitamos,facilitasteis,facilitaron
582,validé,validaste,validó,validamos,validasteis,validaron
583,elevé,elevaste,elevó,elevamos,elevasteis,elevaron
584,financié,financiaste,financió,financiamos,financiasteis,financiaron
585,reconstruí,reconstruiste,reconstruyó,reconstruimos,reconstruisteis,reconstruyeron
586,hundí,hundiste,hundió,hundimos,hundisteis,hundieron
587,degollé,degollaste,degolló,degollamos,degollasteis,degollaron
588,elaboré,elaboraste,elaboró,elaboramos,elaborasteis,elaboraron
589,me vanaglorié,te vanagloriaste,se vanaglorió,nos vanagloriamos,os vanagloriasteis,se vanagloriaron
590,reparé,reparaste,reparó,reparamos,reparasteis,repararon
591,deshice,deshiciste,deshizo,deshicimos,deshicisteis,deshicieron
592,taladré,taladraste,taladró,taladramos,taladrasteis,taladraron
593,valoré,valoraste,valoró,valoramos,valorasteis,valoraron
594,deformé,deformaste,deformó,deformamos,deformasteis,deformaron
595,manché,manchaste,manchó,manchamos,manchasteis,mancharon
596,arranqué,arrancaste,arrancó,arrancamos,arrancasteis,arrancaron
597,promoví,promoviste,promovió,promovimos,promovisteis,promovieron
598,taché,tachaste,tachó,tachamos,tachasteis,tacharon
599,seleccioné,seleccionaste,seleccionó,seleccionamos,seleccionasteis,seleccionaron
600,tropecé,tropezaste,tropezó,tropezamos,tropezasteis,tropezaron
601,malogré,malograste,malogró,malogramos,malograsteis,malograron
602,voté,votaste,votó,votamos,votasteis,votaron
603,extendí,extendiste,extendió,extendimos,extendisteis,extendieron
604,sucedí,sucediste,sucedió,sucedimos,sucedisteis,sucedieron
605,vadeé,vadeaste,vadeó,vadeamos,vadeasteis,vadearon
606,entretuve,entretuviste,entretuvo,entretuvimos,entretuvisteis,entretuvieron
607,aparqué,aparcaste,aparcó,aparcamos,aparcasteis,aparcaron
608,cacé,cazaste,cazó,cazamos,cazasteis,cazaron
609,planché,planchaste,planchó,planchamos,planchasteis,plancharon
610,revisé,revisaste,revisó,revisamos,revisasteis,revisaron
611,guarnecí,guarneciste,guarneció,guarnecimos,guarnecisteis,guarnecieron
612,toleré,toleraste,toleró,toleramos,tolerasteis,toleraron
613,ahogué,ahogaste,ahogó,ahogamos,ahogasteis,ahogaron
614,separé,separaste,separó,separamos,separasteis,separaron
615,avergoncé,avergonzaste,avergonzó,avergonzamos,avergonzasteis,avergonzaron
616,ideé,ideaste,ideó,ideamos,ideasteis,idearon
617,tarareé,tarareaste,tarareó,tarareamos,tarareasteis,tararearon
618,vedé,vedaste,vedó,vedamos,vedasteis,vedaron
619,reclamé,reclamaste,reclamó,reclamamos,reclamasteis,reclamaron
620,vaporicé,vaporizaste,vaporizó,vaporizamos,vaporizasteis,vaporizaron
621,imité,imitaste,imitó,imitamos,imitasteis,imitaron
622,admití,admitiste,admitió,admitimos,admitisteis,admitieron
623,generalicé,generalizaste,generalizó,generalizamos,generalizasteis,generalizaron
624,asusté,asustaste,asustó,asustamos,asustasteis,asustaron
625,consentí,consentiste,consintió,consentimos,consentisteis,consintieron
626,falsifiqué,falsificaste,falsificó,falsificamos,falsificasteis,falsificaron
627,iluminé,iluminaste,iluminó,iluminamos,iluminasteis,iluminaron
628,pesé,pesaste,pesó,pesamos,pesasteis,pesaron
629,incorporé,incorporaste,incorporó,incorporamos,incorporasteis,incorporaron
630,resulté,resultaste,resultó,resultamos,resultasteis,resultaron
631,numeré,numeraste,numeró,numeramos,numerasteis,numeraron
632,tragué,tragaste,tragó,tragamos,tragasteis,tragaron
633,dividí,dividiste,dividió,dividimos,dividisteis,dividieron
634,varé,varaste,varó,varamos,varasteis,vararon
635,salpiqué,salpicaste,salpicó,salpicamos,salpicasteis,salpicaron
636,peligré,peligraste,peligró,peligramos,peligrasteis,peligraron
637,distraje,distrajiste,distrajo,distrajimos,distrajisteis,distrajeron
638,vacuné,vacunaste,vacunó,vacunamos,vacunasteis,vacunaron
639,rebajé,rebajaste,rebajó,rebajamos,rebajasteis,rebajaron
640,aborrecí,aborreciste,aborreció,aborrecimos,aborrecisteis,aborrecieron
641,entrené,entrenaste,entrenó,entrenamos,entrenasteis,entrenaron
642,uniformé,uniformaste,uniformó,uniformamos,uniformasteis,uniformaron
643,mojé,mojaste,mojó,mojamos,mojasteis,mojaron
644,apliqué,aplicaste,aplicó,aplicamos,aplicasteis,aplicaron
645,completé,completaste,completó,completamos,completasteis,completaron
646,grazné,graznaste,graznó,graznamos,graznasteis,graznaron
647,vacilé,vacilaste,vaciló,vacilamos,vacilasteis,vacilaron
648,malinterpreté,malinterpretaste,malinterpretó,malinterpretamos,malinterpretasteis,malinterpretaron
649,sustituí,sustituiste,sustituyó,sustituimos,sustituisteis,sustituyeron
650,generé,generaste,generó,generamos,generasteis,generaron
651,empleé,empleaste,empleó,empleamos,empleasteis,emplearon
652,legislé,legislaste,legisló,legislamos,legislasteis,legislaron
653,desarrollé,desarrollaste,desarrolló,desarrollamos,desarrollasteis,desarrollaron
654,perdoné,perdonaste,perdonó,perdonamos,perdonasteis,perdonaron
655,garanticé,garantizaste,garantizó,garantizamos,garantizasteis,garantizaron
656,confundí,confundiste,confundió,confundimos,confundisteis,confundieron
657,consumí,consumiste,consumió,consumimos,consumisteis,consumieron
658,tallé,tallaste,talló,tallamos,tallasteis,tallaron
659,estornudé,estornudaste,estornudó,estornudamos,estornudasteis,estornudaron
660,enteré,enteraste,enteró,enteramos,enterasteis,enteraron
661,acampé,acampaste,acampó,acampamos,acampasteis,acamparon
662,bisbiseé,bisbiseaste,bisbiseó,bisbiseamos,bisbiseasteis,bisbisearon
663,valoricé,valorizaste,valorizó,valorizamos,valorizasteis,valorizaron
664,superé,superaste,superó,superamos,superasteis,superaron
665,vallé,vallaste,valló,vallamos,vallasteis,vallaron
666,analicé,analizaste,analizó,analizamos,analizasteis,analizaron
667,orienté,orientaste,orientó,orientamos,orientasteis,orientaron
668,conjugué,conjugaste,conjugó,conjugamos,conjugasteis,conjugaron
669,litigué,litigaste,litigó,litigamos,litigasteis,litigaron
670,escapé,escapaste,escapó,escapamos,escapasteis,escaparon
671,amanecí,amaneciste,amaneció,amanecimos,amanecisteis,amanecieron
672,previne,previniste,previno,previnimos,previnisteis,previnieron
673,examiné,examinaste,examinó,examinamos,examinasteis,examinaron
674,cometí,cometiste,cometió,cometimos,cometisteis,cometieron
675,inauguré,inauguraste,inauguró,inauguramos,inaugurasteis,inauguraron
676,despegué,despegaste,despegó,despegamos,despegasteis,despegaron
677,peloteé,peloteaste,peloteó,peloteamos,peloteasteis,pelotearon
678,malicié,maliciaste,malició,maliciamos,maliciasteis,maliciaron
679,derruí,derruiste,derruyó,derruimos,derruisteis,derruyeron
680,abrigué,abrigaste,abrigó,abrigamos,abrigasteis,abrigaron
681,ascendí,ascendiste,ascendió,ascendimos,ascendisteis,ascendieron
682,escalé,escalaste,escaló,escalamos,escalasteis,escalaron
683,envidié,envidiaste,envidió,envidiamos,envidiasteis,envidiaron
684,conviví,conviviste,convivió,convivimos,convivisteis,convivieron
685,apreté,apretaste,apretó,apretamos,apretasteis,apretaron
686,excluí,excluiste,excluyó,excluimos,excluisteis,excluyeron
687,surgí,surgiste,surgió,surgimos,surgisteis,surgieron
688,incliné,inclinaste,inclinó,inclinamos,inclinasteis,inclinaron
689,incurrí,incurriste,incurrió,incurrimos,incurristeis,incurrieron
690,aplaudí,aplaudiste,aplaudió,aplaudimos,aplaudisteis,aplaudieron
691,alojé,alojaste,alojó,alojamos,alojasteis,alojaron
692,recité,recitaste,recitó,recitamos,recitasteis,recitaron
693,rendí,rendiste,rindió,rendimos,rendisteis,rindieron
694,aseguré,aseguraste,aseguró,aseguramos,asegurasteis,aseguraron
695,cobré,cobraste,cobró,cobramos,cobrasteis,cobraron
696,afecté,afectaste,afectó,afectamos,afectasteis,afectaron
697,impulsé,impulsaste,impulsó,impulsamos,impulsasteis,impulsaron
698,empujé,empujaste,empujó,empujamos,empujasteis,empujaron
699,encargué,encargaste,encargó,encargamos,encargasteis,encargaron
700,controlé,controlaste,controló,controlamos,controlasteis,controlaron
701,memoricé,memorizaste,memorizó,memorizamos,memorizasteis,memorizaron
702,platiqué,platicaste,platicó,platicamos,platicasteis,platicaron
703,incendié,incendiaste,incendió,incendiamos,incendiasteis,incendiaron
704,mané,manaste,manó,manamos,manasteis,manaron
705,formé,formaste,formó,formamos,formasteis,formaron
706,acudí,acudiste,acudió,acudimos,acudisteis,acudieron
707,bañé,bañaste,bañó,bañamos,bañasteis,bañaron
708,rescaté,rescataste,rescató,rescatamos,rescatasteis,rescataron
709,emití,emitiste,emitió,emitimos,emitisteis,emitieron
710,contraje,contrajiste,contrajo,contrajimos,contrajisteis,contrajeron
711,engordé,engordaste,engordó,engordamos,engordasteis,engordaron
712,critiqué,criticaste,criticó,criticamos,criticasteis,criticaron
713,abusé,abusaste,abusó,abusamos,abusasteis,abusaron
714,descargué,descargaste,descargó,descargamos,descargasteis,descargaron
715,tableé,tableaste,tableó,tableamos,tableasteis,tablearon
716,ganduleé,ganduleaste,ganduleó,ganduleamos,ganduleasteis,gandulearon
717,destaqué,destacaste,destacó,destacamos,destacasteis,destacaron
718,inventé,inventaste,inventó,inventamos,inventasteis,inventaron
719,humillé,humillaste,humilló,humillamos,humillasteis,humillaron
720,admiré,admiraste,admiró,admiramos,admirasteis,admiraron
721,valsé,valsaste,valsó,valsamos,valsasteis,valsaron
722,encerré,encerraste,encerró,encerramos,encerrasteis,encerraron
723,salivé,salivaste,salivó,salivamos,salivasteis,salivaron
724,exploté,explotaste,explotó,explotamos,explotasteis,explotaron
725,inicié,iniciaste,inició,iniciamos,iniciasteis,iniciaron
726,solicité,solicitaste,solicitó,solicitamos,solicitasteis,solicitaron
727,consideré,consideraste,consideró,consideramos,considerasteis,consideraron
728,acaricié,acariciaste,acarició,acariciamos,acariciasteis,acariciaron
729,aplacé,aplazaste,aplazó,aplazamos,aplazasteis,aplazaron
730,sostuve,sostuviste,sostuvo,sostuvimos,sostuvisteis,sostuvieron
731,contagié,contagiaste,contagió,contagiamos,contagiasteis,contagiaron
732,acogí,acogiste,acogió,acogimos,acogisteis,acogieron
733,intuí,intuiste,intuyó,intuimos,intuisteis,intuyeron
734,acentué,acentuaste,acentuó,acentuamos,acentuasteis,acentuaron
735,alimenté,alimentaste,alimentó,alimentamos,alimentasteis,alimentaron
736,absolví,absolviste,absolvió,absolvimos,absolvisteis,absolvieron
737,adoré,adoraste,adoró,adoramos,adorasteis,adoraron
738,tosté,tostaste,tostó,tostamos,tostasteis,tostaron
739,agoté,agotaste,agotó,agotamos,agotasteis,agotaron
740,malinformé,malinformaste,malinformó,malinformamos,malinformasteis,malinformaron
741,acostumbré,acostumbraste,acostumbró,acostumbramos,acostumbrasteis,acostumbraron
742,aguanté,aguantaste,aguantó,aguantamos,aguantasteis,aguantaron
743,prevalí,prevaliste,prevalió,prevalimos,prevalisteis,prevalieron
744,contacté,contactaste,contactó,contactamos,contactasteis,contactaron
745,adiviné,adivinaste,adivinó,adivinamos,adivinasteis,adivinaron
746,atribuí,atribuiste,atribuyó,atribuimos,atribuisteis,atribuyeron
747,animé,animaste,animó,animamos,animasteis,animaron
748,contaminé,contaminaste,contaminó,contaminamos,contaminasteis,contaminaron
749,inscribí,inscribiste,inscribió,inscribimos,inscribisteis,inscribieron
750,masqué,mascaste,mascó,mascamos,mascasteis,mascaron
751,menté,mentaste,mentó,mentamos,mentasteis,mentaron
752,colaboré,colaboraste,colaboró,colaboramos,colaborasteis,colaboraron
753,divorcié,divorciaste,divorció,divorciamos,divorciasteis,divorciaron
754,agité,agitaste,agitó,agitamos,agitasteis,agitaron
755,retiré,retiraste,retiró,retiramos,retirasteis,retiraron
756,resfrié,resfriaste,resfrió,resfriamos,resfriasteis,resfriaron
757,preví,previste,previó,previmos,previsteis,previeron
758,así,asiste,asió,asimos,asisteis,asieron
759,apellidé,apellidaste,apellidó,apellidamos,apellidasteis,apellidaron
760,bronceé,bronceaste,bronceó,bronceamos,bronceasteis,broncearon
761,derretí,derretiste,derritió,derretimos,derretisteis,derritieron
762,repartí,repartiste,repartió,repartimos,repartisteis,repartieron
763,dispuse,dispusiste,dispuso,dispusimos,dispusisteis,dispusieron
764,dimití,dimitiste,dimitió,dimitimos,dimitisteis,dimitieron
765,abrasé,abrasaste,abrasó,abrasamos,abrasasteis,abrasaron
766,regateé,regateaste,regateó,regateamos,regateasteis,regatearon
767,cité,citaste,citó,citamos,citasteis,citaron
768,averié,averiaste,averió,averiamos,averiasteis,averiaron
769,autoricé,autorizaste,autorizó,autorizamos,autorizasteis,autorizaron
770,derramé,derramaste,derramó,derramamos,derramasteis,derramaron
771,abroché,abrochaste,abrochó,abrochamos,abrochasteis,abrocharon
772,alenté,alentaste,alentó,alentamos,alentasteis,alentaron
773,refresqué,refrescaste,refrescó,refrescamos,refrescasteis,refrescaron
774,pronuncié,pronunciaste,pronunció,pronunciamos,pronunciasteis,pronunciaron
775,consistí,consististe,consistió,consistimos,consististeis,consistieron
776,contradije,contradijiste,contradijo,contradijimos,contradijisteis,contradijeron
777,alejé,alejaste,alejó,alejamos,alejasteis,alejaron
778,correspondí,correspondiste,correspondió,correspondimos,correspondisteis,correspondieron
779,espié,espiaste,espió,espiamos,espiasteis,espiaron
780,consulté,consultaste,consultó,consultamos,consultasteis,consultaron
781,estresé,estresaste,estresó,estresamos,estresasteis,estresaron
782,revelé,revelaste,reveló,revelamos,revelasteis,revelaron
783,reflexioné,reflexionaste,reflexionó,reflexionamos,reflexionasteis,reflexionaron
784,forcé,forzaste,forzó,forzamos,forzasteis,forzaron
785,alcé,alzaste,alzó,alzamos,alzasteis,alzaron
786,respiré,respiraste,respiró,respiramos,respirasteis,respiraron
787,deslicé,deslizaste,deslizó,deslizamos,deslizasteis,deslizaron
788,batí,batiste,batió,batimos,batisteis,batieron
789,comparé,comparaste,comparó,comparamos,comparasteis,compararon
790,pospuse,pospusiste,pospuso,pospusimos,pospusisteis,pospusieron
791,agüé,aguaste,aguó,aguamos,aguasteis,aguaron
792,cultivé,cultivaste,cultivó,cultivamos,cultivasteis,cultivaron
793,aterroricé,aterrorizaste,aterrorizó,aterrorizamos,aterrorizasteis,aterrorizaron
794,absorbí,absorbiste,absorbió,absorbimos,absorbisteis,absorbieron
795,bullí,bulliste,bulló,bullimos,bullisteis,bulleron
796,combatí,combatiste,combatió,combatimos,combatisteis,combatieron
797,anochecí,anocheciste,anocheció,anochecimos,anochecisteis,anochecieron
798,ajusté,ajustaste,ajustó,ajustamos,ajustasteis,ajustaron
799,curé,curaste,curó,curamos,curasteis,curaron
800,estiré,estiraste,estiró,estiramos,estirasteis,estiraron
801,abrevié,abreviaste,abrevió,abreviamos,abreviasteis,abreviaron
802,absorbí,absorbiste,absorbió,absorbimos,absorbisteis,absorbieron
803,alumbré,alumbraste,alumbró,alumbramos,alumbrasteis,alumbraron
804,representé,representaste,representó,representamos,representasteis,representaron
805,acusé,acusaste,acusó,acusamos,acusasteis,acusaron
806,certifiqué,certificaste,certificó,certificamos,certificasteis,certificaron
807,arruiné,arruinaste,arruinó,arruinamos,arruinasteis,arruinaron
808,amplié,ampliaste,amplió,ampliamos,ampliasteis,ampliaron
809,almacené,almacenaste,almacenó,almacenamos,almacenasteis,almacenaron
810,disculpé,disculpaste,disculpó,disculpamos,disculpasteis,disculparon
811,toreé,toreaste,toreó,toreamos,toreasteis,torearon
812,conservé,conservaste,conservó,conservamos,conservasteis,conservaron
813,descendí,descendiste,descendió,descendimos,descendisteis,descendieron
814,ingresé,ingresaste,ingresó,ingresamos,ingresasteis,ingresaron
815,adorné,adornaste,adornó,adornamos,adornasteis,adornaron
816,desafié,desafiaste,desafió,desafiamos,desafiasteis,desafiaron
817,concebí,concebiste,concibió,concebimos,concebisteis,concibieron
818,comercialicé,comercializaste,comercializó,comercializamos,comercializasteis,comercializaron
819,aposté,apostaste,apostó,apostamos,apostasteis,apostaron
820,contraté,contrataste,contrató,contratamos,contratasteis,contrataron
821,aislé,aislaste,aisló,aislamos,aislasteis,aislaron
822,chupé,chupaste,chupó,chupamos,chupasteis,chuparon
823,enfadé,enfadaste,enfadó,enfadamos,enfadasteis,enfadaron
824,adopté,adoptaste,adoptó,adoptamos,adoptasteis,adoptaron
825,registré,registraste,registró,registramos,registrasteis,registraron
826,sobré,sobraste,sobró,sobramos,sobrasteis,sobraron
827,esforcé,esforzaste,esforzó,esforzamos,esforzasteis,esforzaron
828,agrié,agriaste,agrió,agriamos,agriasteis,agriaron
829,solté,soltaste,soltó,soltamos,soltasteis,soltaron
830,pisé,pisaste,pisó,pisamos,pisasteis,pisaron
831,aceleré,aceleraste,aceleró,aceleramos,acelerasteis,aceleraron
832,agravé,agravaste,agravó,agravamos,agravasteis,agravaron
833,sofoqué,sofocaste,sofocó,sofocamos,sofocasteis,sofocaron
834,expuse,expusiste,expuso,expusimos,expusisteis,expusieron
835,recuperé,recuperaste,recuperó,recuperamos,recuperasteis,recuperaron
836,intervine,interviniste,intervino,intervinimos,intervinisteis,intervinieron
837,acompañé,acompañaste,acompañó,acompañamos,acompañasteis,acompañaron
838,exploré,exploraste,exploró,exploramos,explorasteis,exploraron
839,atropellé,atropellaste,atropelló,atropellamos,atropellasteis,atropellaron
840,casqué,cascaste,cascó,cascamos,cascasteis,cascaron
841,trepé,trepaste,trepó,trepamos,trepasteis,treparon
842,aclaré,aclaraste,aclaró,aclaramos,aclarasteis,aclararon
843,arresté,arrestaste,arrestó,arrestamos,arrestasteis,arrestaron
844,asesiné,asesinaste,asesinó,asesinamos,asesinasteis,asesinaron
845,anulé,anulaste,anuló,anulamos,anulasteis,anularon
846,rehíce,rehiciste,rehízo,rehicimos,rehicisteis,rehicieron
847,arriesgué,arriesgaste,arriesgó,arriesgamos,arriesgasteis,arriesgaron
848,bromeé,bromeaste,bromeó,bromeamos,bromeasteis,bromearon
849,evalué,evaluaste,evaluó,evaluamos,evaluasteis,evaluaron
850,atrapé,atrapaste,atrapó,atrapamos,atrapasteis,atraparon
851,adscribí,adscribiste,adscribió,adscribimos,adscribisteis,adscribieron
852,arrendé,arrendaste,arrendó,arrendamos,arrendasteis,arrendaron
853,rodeé,rodeaste,rodeó,rodeamos,rodeasteis,rodearon
854,suspendí,suspendiste,suspendió,suspendimos,suspendisteis,suspendieron
855,insulté,insultaste,insultó,insultamos,insultasteis,insultaron
856,supliqué,suplicaste,suplicó,suplicamos,suplicasteis,suplicaron
857,repasé,repasaste,repasó,repasamos,repasasteis,repasaron
858,pudrí o podrí,pudriste o podriste,pudrió o podrió,pudrimos o podrimos,pudristeis o podristeis,pudrieron o podrieron
859,rehuí,rehuiste,rehuyó,rehuimos,rehuisteis,rehuyeron
860,clasifiqué,clasificaste,clasificó,clasificamos,clasificasteis,clasificaron
861,troné,tronaste,tronó,tronamos,tronasteis,tronaron
862,apunté,apuntaste,apuntó,apuntamos,apuntasteis,apuntaron
863,coludí,coludiste,coludió,coludimos,coludisteis,coludieron
864,aprehendí,aprehendiste,aprehendió,aprehendimos,aprehendisteis,aprehendieron
865,agrupé,agrupaste,agrupó,agrupamos,agrupasteis,agruparon
866,llovizné,lloviznaste,lloviznó,lloviznamos,lloviznasteis,lloviznaron
867,asentí,asentiste,asintió,asentimos,asentisteis,asintieron
868,descompuse,descompusiste,descompuso,descompusimos,descompusisteis,descompusieron
869,brillé,brillaste,brilló,brillamos,brillasteis,brillaron
870,adelanté,adelantaste,adelantó,adelantamos,adelantasteis,adelantaron
871,pulí,puliste,pulió,pulimos,pulisteis,pulieron
872,situé,situaste,situó,situamos,situasteis,situaron
873,soplé,soplaste,sopló,soplamos,soplasteis,soplaron
874,involucré,involucraste,involucró,involucramos,involucrasteis,involucraron
875,experimenté,experimentaste,experimentó,experimentamos,experimentasteis,experimentaron
876,provoqué,provocaste,provocó,provocamos,provocasteis,provocaron
877,instalé,instalaste,instaló,instalamos,instalasteis,instalaron
878,reviví,reviviste,revivió,revivimos,revivisteis,revivieron
879,civilicé,civilizaste,civilizó,civilizamos,civilizasteis,civilizaron
880,fragüé,fraguaste,fraguó,fraguamos,fraguasteis,fraguaron
881,recubrí,recubriste,recubrió,recubrimos,recubristeis,recubrieron
882,transformé,transformaste,transformó,transformamos,transformasteis,transformaron
883,desnudé,desnudaste,desnudó,desnudamos,desnudasteis,desnudaron
884,ardí,ardiste,ardió,ardimos,ardisteis,ardieron
885,ensayé,ensayaste,ensayó,ensayamos,ensayasteis,ensayaron
886,frené,frenaste,frenó,frenamos,frenasteis,frenaron
887,circulé,circulaste,circuló,circulamos,circulasteis,circularon
888,estreché,estrechaste,estrechó,estrechamos,estrechasteis,estrecharon
889,aclamé,aclamaste,aclamó,aclamamos,aclamasteis,aclamaron
890,changué,changaste,changó,changamos,changasteis,changaron
891,mimé,mimaste,mimó,mimamos,mimasteis,mimaron
892,salteé,salteaste,salteó,salteamos,salteasteis,saltearon
893,localicé,localizaste,localizó,localizamos,localizasteis,localizaron
894,colé,colaste,coló,colamos,colasteis,colaron
895,escupí,escupiste,escupió,escupimos,escupisteis,escupieron
896,coincidí,coincidiste,coincidió,coincidimos,coincidisteis,coincidieron
897,ronqué,roncaste,roncó,roncamos,roncasteis,roncaron
898,antepuse,antepusiste,antepuso,antepusimos,antepusisteis,antepusieron
899,removí,removiste,removió,removimos,removisteis,removieron
900,brindé,brindaste,brindó,brindamos,brindasteis,brindaron
901,protesté,protestaste,protestó,protestamos,protestasteis,protestaron
902,apuré,apuraste,apuró,apuramos,apurasteis,apuraron
903,entrevisté,entrevistaste,entrevistó,entrevistamos,entrevistasteis,entrevistaron
904,accedí,accediste,accedió,accedimos,accedisteis,accedieron
905,esparcí,esparciste,esparció,esparcimos,esparcisteis,esparcieron
906,burlé,burlaste,burló,burlamos,burlasteis,burlaron
907,aparté,apartaste,apartó,apartamos,apartasteis,apartaron
908,conquisté,conquistaste,conquistó,conquistamos,conquistasteis,conquistaron
909,reproduje,reprodujiste,reprodujo,reprodujimos,reprodujisteis,reprodujeron
910,transmití,transmitiste,transmitió,transmitimos,transmitisteis,transmitieron
911,afirmé,afirmaste,afirmó,afirmamos,afirmasteis,afirmaron
912,progresé,progresaste,progresó,progresamos,progresasteis,progresaron
913,ahorqué,ahorcaste,ahorcó,ahorcamos,ahorcasteis,ahorcaron
914,derroqué,derrocaste,derrocó,derrocamos,derrocasteis,derrocaron
915,rellené,rellenaste,rellenó,rellenamos,rellenasteis,rellenaron
916,alivié,aliviaste,alivió,aliviamos,aliviasteis,aliviaron
917,aplasté,aplastaste,aplastó,aplastamos,aplastasteis,aplastaron
918,presupuse,presupusiste,presupuso,presupusimos,presupusisteis,presupusieron
919,expulsé,expulsaste,expulsó,expulsamos,expulsasteis,expulsaron
920,agaché,agachaste,agachó,agachamos,agachasteis,agacharon
921,asombré,asombraste,asombró,asombramos,asombrasteis,asombraron
922,empaté,empataste,empató,empatamos,empatasteis,empataron
923,coqueteé,coqueteaste,coqueteó,coqueteamos,coqueteasteis,coquetearon
924,invadí,invadiste,invadió,invadimos,invadisteis,invadieron
925,derroté,derrotaste,derrotó,derrotamos,derrotasteis,derrotaron
926,envejecí,envejeciste,envejeció,envejecimos,envejecisteis,envejecieron
927,archivé,archivaste,archivó,archivamos,archivasteis,archivaron
928,arrugué,arrugaste,arrugó,arrugamos,arrugasteis,arrugaron
929,procedí,procediste,procedió,procedimos,procedisteis,procedieron
930,fracasé,fracasaste,fracasó,fracasamos,fracasasteis,fracasaron
931,arrojé,arrojaste,arrojó,arrojamos,arrojasteis,arrojaron
932,chantajeé,chantajeaste,chantajeó,chantajeamos,chantajeasteis,chantajearon
933,programé,programaste,programó,programamos,programasteis,programaron
934,amordacé,amordazaste,amordazó,amordazamos,amordazasteis,amordazaron
935,alabé,alabaste,alabó,alabamos,alabasteis,alabaron
936,encubrí,encubriste,encubrió,encubrimos,encubristeis,encubrieron
937,convoqué,convocaste,convocó,convocamos,convocasteis,convocaron
938,concedí,concediste,concedió,concedimos,concedisteis,concedieron
939,triunfé,triunfaste,triunfó,triunfamos,triunfasteis,triunfaron
940,extravié,extraviaste,extravió,extraviamos,extraviasteis,extraviaron
941,suprimí,suprimiste,suprimió,suprimimos,suprimisteis,suprimieron
942,trasladé,trasladaste,trasladó,trasladamos,trasladasteis,trasladaron
943,contabilicé,contabilizaste,contabilizó,contabilizamos,contabilizasteis,contabilizaron
944,chillé,chillaste,chilló,chillamos,chillasteis,chillaron
945,soporté,soportaste,soportó,soportamos,soportasteis,soportaron
946,tranquilicé,tranquilizaste,tranquilizó,tranquilizamos,tranquilizasteis,tranquilizaron
947,comporté,comportaste,comportó,comportamos,comportasteis,comportaron
948,volqué,volcaste,volcó,volcamos,volcasteis,volcaron
949,devine,deviniste,devino,devinimos,devinisteis,devinieron
950,ensucié,ensuciaste,ensució,ensuciamos,ensuciasteis,ensuciaron
951,coticé,cotizaste,cotizó,cotizamos,cotizasteis,cotizaron
952,sobrevolé,sobrevolaste,sobrevoló,sobrevolamos,sobrevolasteis,sobrevolaron
953,podé,podaste,podó,podamos,podasteis,podaron
954,clarifiqué,clarificaste,clarificó,clarificamos,clarificasteis,clarificaron
955,digerí,digeriste,digirió,digerimos,digeristeis,digirieron
956,auné,aunaste,aunó,aunamos,aunasteis,aunaron
957,apacigüé,apaciguaste,apaciguó,apaciguamos,apaciguasteis,apaciguaron
958,fotografié,fotografiaste,fotografió,fotografiamos,fotografiasteis,fotografiaron
959,serré,serraste,serró,serramos,serrasteis,serraron
960,audité,auditaste,auditó,auditamos,auditasteis,auditaron
961,transbordé,transbordaste,transbordó,transbordamos,transbordasteis,transbordaron
962,planté,plantaste,plantó,plantamos,plantasteis,plantaron
963,solucioné,solucionaste,solucionó,solucionamos,solucionasteis,solucionaron
964,fruncí,frunciste,frunció,fruncimos,fruncisteis,fruncieron
965,serpenteé,serpenteaste,serpenteó,serpenteamos,serpenteasteis,serpentearon
966,alterné,alternaste,alternó,alternamos,alternasteis,alternaron
967,alarmé,alarmaste,alarmó,alarmamos,alarmasteis,alarmaron
968,derivé,derivaste,derivó,derivamos,derivasteis,derivaron
969,ansié,ansiaste,ansió,ansiamos,ansiasteis,ansiaron
970,disfracé,disfrazaste,disfrazó,disfrazamos,disfrazasteis,disfrazaron
971,persistí,persististe,persistió,persistimos,persististeis,persistieron
972,resbalé,resbalaste,resbaló,resbalamos,resbalasteis,resbalaron
973,excité,excitaste,excitó,excitamos,excitasteis,excitaron
974,vomité,vomitaste,vomitó,vomitamos,vomitasteis,vomitaron
975,concordé,concordaste,concordó,concordamos,concordasteis,concordaron
976,exclamé,exclamaste,exclamó,exclamamos,exclamasteis,exclamaron
977,agujereé,agujereaste,agujereó,agujereamos,agujereasteis,agujerearon
978,cojeé,cojeaste,cojeó,cojeamos,cojeasteis,cojearon
979,insinué,insinuaste,insinuó,insinuamos,insinuasteis,insinuaron
980,suscribí,suscribiste,suscribió,suscribimos,suscribisteis,suscribieron
981,culturicé,culturizaste,culturizó,culturizamos,culturizasteis,culturizaron
982,adapté,adaptaste,adaptó,adaptamos,adaptasteis,adaptaron
983,propalé,propalaste,propaló,propalamos,propalasteis,propalaron
984,anoté,anotaste,anotó,anotamos,anotasteis,anotaron
985,acumulé,acumulaste,acumuló,acumulamos,acumulasteis,acumularon
986,desvestí,desvestiste,desvistió,desvestimos,desvestisteis,desvistieron
987,enchufé,enchufaste,enchufó,enchufamos,enchufasteis,enchufaron
988,regenté,regentaste,regentó,regentamos,regentasteis,regentaron
989,diluí,diluiste,diluyó,diluimos,diluisteis,diluyeron
990,retorcí,retorciste,retorció,retorcimos,retorcisteis,retorcieron
991,clavé,clavaste,clavó,clavamos,clavasteis,clavaron
992,cegué,cegaste,cegó,cegamos,cegasteis,cegaron
993,disparé,disparaste,disparó,disparamos,disparasteis,dispararon
994,exporté,exportaste,exportó,exportamos,exportasteis,exportaron
995,persuadí,persuadiste,persuadió,persuadimos,persuadisteis,persuadieron
996,detesté,detestaste,detestó,detestamos,detestasteis,detestaron
997,confluí,confluiste,confluyó,confluimos,confluisteis,confluyeron
998,aguardé,aguardaste,aguardó,aguardamos,aguardasteis,aguardaron
999,compliqué,complicaste,complicó,complicamos,complicasteis,complicaron
1000,renové,renovaste,renovó,renovamos,renovasteis,renovaron
1001,confirmé,confirmaste,confirmó,confirmamos,confirmasteis,confirmaron
1002,arrastré,arrastraste,arrastró,arrastramos,arrastrasteis,arrastraron
1003,matriculé,matriculaste,matriculó,matriculamos,matriculasteis,matricularon
1004,expedí,expediste,expidió,expedimos,expedisteis,expidieron
1005,emocioné,emocionaste,emocionó,emocionamos,emocionasteis,emocionaron
1006,expresé,expresaste,expresó,expresamos,expresasteis,expresaron
1007,presidí,presidiste,presidió,presidimos,presidisteis,presidieron
1008,aflojé,aflojaste,aflojó,aflojamos,aflojasteis,aflojaron
1009,apilé,apilaste,apiló,apilamos,apilasteis,apilaron
1010,sumé,sumaste,sumó,sumamos,sumasteis,sumaron
1011,percibí,percibiste,percibió,percibimos,percibisteis,percibieron
1012,asemejé,asemejaste,asemejó,asemejamos,asemejasteis,asemejaron
1013,agrandé,agrandaste,agrandó,agrandamos,agrandasteis,agrandaron
1014,desvié,desviaste,desvió,desviamos,desviasteis,desviaron
1015,resistí,resististe,resistió,resistimos,resististeis,resistieron
1016,tramité,tramitaste,tramitó,tramitamos,tramitasteis,tramitaron
1017,repuse,repusiste,repuso,repusimos,repusisteis,repusieron
1018,disgusté,disgustaste,disgustó,disgustamos,disgustasteis,disgustaron
1019,estropeé,estropeaste,estropeó,estropeamos,estropeasteis,estropearon
1020,fortalecí,fortaleciste,fortaleció,fortalecimos,fortalecisteis,fortalecieron
1021,accioné,accionaste,accionó,accionamos,accionasteis,accionaron
1022,estrené,estrenaste,estrenó,estrenamos,estrenasteis,estrenaron
1023,desordené,desordenaste,desordenó,desordenamos,desordenasteis,desordenaron
1024,vigilé,vigilaste,vigiló,vigilamos,vigilasteis,vigilaron
1025,formalicé,formalizaste,formalizó,formalizamos,formalizasteis,formalizaron
1026,disputé,disputaste,disputó,disputamos,disputasteis,disputaron
1027,modifiqué,modificaste,modificó,modificamos,modificasteis,modificaron
1028,atestigüé,atestiguaste,atestiguó,atestiguamos,atestiguasteis,atestiguaron
1029,disolví,disolviste,disolvió,disolvimos,disolvisteis,disolvieron
1030,perpetué,perpetuaste,perpetuó,perpetuamos,perpetuasteis,perpetuaron
1031,desobedecí,desobedeciste,desobedeció,desobedecimos,desobedecisteis,desobedecieron
1032,aparenté,aparentaste,aparentó,aparentamos,aparentasteis,aparentaron
1033,empaqueté,empaquetaste,empaquetó,empaquetamos,empaquetasteis,empaquetaron
1034,administré,administraste,administró,administramos,administrasteis,administraron
1035,desprecié,despreciaste,despreció,despreciamos,despreciasteis,despreciaron
1036,rocé,rozaste,rozó,rozamos,rozasteis,rozaron
1037,excusé,excusaste,excusó,excusamos,excusasteis,excusaron
1038,arropé,arropaste,arropó,arropamos,arropasteis,arroparon
1039,cooperé,cooperaste,cooperó,cooperamos,cooperasteis,cooperaron
1040,extraje,extrajiste,extrajo,extrajimos,extrajisteis,extrajeron
1041,etiqueté,etiquetaste,etiquetó,etiquetamos,etiquetasteis,etiquetaron
1042,centrifugué,centrifugaste,centrifugó,centrifugamos,centrifugasteis,centrifugaron
1043,contemplé,contemplaste,contempló,contemplamos,contemplasteis,contemplaron
1044,pinché,pinchaste,pinchó,pinchamos,pinchasteis,pincharon
1045,amarré,amarraste,amarró,amarramos,amarrasteis,amarraron
1046,transcurrí,transcurriste,transcurrió,transcurrimos,transcurristeis,transcurrieron
1047,disuadí,disuadiste,disuadió,disuadimos,disuadisteis,disuadieron
1048,compelí,compeliste,compelió,compelimos,compelisteis,compelieron
1049,cavé,cavaste,cavó,cavamos,cavasteis,cavaron
1050,aceité,aceitaste,aceitó,aceitamos,aceitasteis,aceitaron
1051,extenué,extenuaste,extenuó,extenuamos,extenuasteis,extenuaron
1052,aficioné,aficionaste,aficionó,aficionamos,aficionasteis,aficionaron
1053,esculpí,esculpiste,esculpió,esculpimos,esculpisteis,esculpieron
1054,resumí,resumiste,resumió,resumimos,resumisteis,resumieron
1055,amueblé,amueblaste,amuebló,amueblamos,amueblasteis,amueblaron
1056,asocié,asociaste,asoció,asociamos,asociasteis,asociaron
1057,tamicé,tamizaste,tamizó,tamizamos,tamizasteis,tamizaron
1058,achicharré,achicharraste,achicharró,achicharramos,achicharrasteis,achicharraron
1059,alargué,alargaste,alargó,alargamos,alargasteis,alargaron
1060,abundé,abundaste,abundó,abundamos,abundasteis,abundaron
1061,multipliqué,multiplicaste,multiplicó,multiplicamos,multiplicasteis,multiplicaron
1062,concentré,concentraste,concentró,concentramos,concentrasteis,concentraron
1063,trabé,trabaste,trabó,trabamos,trabasteis,trabaron
1064,exhibí,exhibiste,exhibió,exhibimos,exhibisteis,exhibieron
1065,acrisolé,acrisolaste,acrisoló,acrisolamos,acrisolasteis,acrisolaron
1066,prescribí,prescribiste,prescribió,prescribimos,prescribisteis,prescribieron
1067,amontoné,amontonaste,amontonó,amontonamos,amontonasteis,amontonaron
1068,circunscribí,circunscribiste,circunscribió,circunscribimos,circunscribisteis,circunscribieron
1069,cualifiqué,cualificaste,cualificó,cualificamos,cualificasteis,cualificaron
1070,dicté,dictaste,dictó,dictamos,dictasteis,dictaron
1071,diferencié,diferenciaste,diferenció,diferenciamos,diferenciasteis,diferenciaron
1072,susurré,susurraste,susurró,susurramos,susurrasteis,susurraron
1073,castré,castraste,castró,castramos,castrasteis,castraron
1074,relacioné,relacionaste,relacionó,relacionamos,relacionasteis,relacionaron
1075,censé,censaste,censó,censamos,censasteis,censaron
1076,agobié,agobiaste,agobió,agobiamos,agobiasteis,agobiaron
1077,sesgué,sesgaste,sesgó,sesgamos,sesgasteis,sesgaron
1078,reventé,reventaste,reventó,reventamos,reventasteis,reventaron
1079,destrocé,destrozaste,destrozó,destrozamos,destrozasteis,destrozaron
1080,aseé,aseaste,aseó,aseamos,aseasteis,asearon
1081,pervertí,pervertiste,pervirtió,pervertimos,pervertisteis,pervirtieron
1082,acuchillé,acuchillaste,acuchilló,acuchillamos,acuchillasteis,acuchillaron
1083,curioseé,curioseaste,curioseó,curioseamos,curioseasteis,curiosearon
1084,trasteé,trasteaste,trasteó,trasteamos,trasteasteis,trastearon
1085,propagué,propagaste,propagó,propagamos,propagasteis,propagaron
1086,emprendí,emprendiste,emprendió,emprendimos,emprendisteis,emprendieron
1087,infecté,infectaste,infectó,infectamos,infectasteis,infectaron
1088,pronostiqué,pronosticaste,pronosticó,pronosticamos,pronosticasteis,pronosticaron
1089,encogí,encogiste,encogió,encogimos,encogisteis,encogieron
1090,asimilé,asimilaste,asimiló,asimilamos,asimilasteis,asimilaron
1091,tumbé,tumbaste,tumbó,tumbamos,tumbasteis,tumbaron
1092,boxeé,boxeaste,boxeó,boxeamos,boxeasteis,boxearon
1093,apesté,apestaste,apestó,apestamos,apestasteis,apestaron
1094,desplacé,desplazaste,desplazó,desplazamos,desplazasteis,desplazaron
1095,transcribí,transcribiste,transcribió,transcribimos,transcribisteis,transcribieron
1096,atrasé,atrasaste,atrasó,atrasamos,atrasasteis,atrasaron
1097,alboroté,alborotaste,alborotó,alborotamos,alborotasteis,alborotaron
1098,retrasé,retrasaste,retrasó,retrasamos,retrasasteis,retrasaron
1099,retribuí,retribuiste,retribuyó,retribuimos,retribuisteis,retribuyeron
1100,reelegí,reelegiste,reeligió,reelegimos,reelegisteis,reeligieron
1101,descentralicé,descentralizaste,descentralizó,descentralizamos,descentralizasteis,descentralizaron
1102,soborné,sobornaste,sobornó,sobornamos,sobornasteis,sobornaron
1103,desconté,descontaste,descontó,descontamos,descontasteis,descontaron
1104,designé,designaste,designó,designamos,designasteis,designaron
1105,alteré,alteraste,alteró,alteramos,alterasteis,alteraron
1106,desconecté,desconectaste,desconectó,desconectamos,desconectasteis,desconectaron
1107,excedí,excediste,excedió,excedimos,excedisteis,excedieron
1108,desvarié,desvariaste,desvarió,desvariamos,desvariasteis,desvariaron
1109,alerté,alertaste,alertó,alertamos,alertasteis,alertaron
1110,sujeté,sujetaste,sujetó,sujetamos,sujetasteis,sujetaron
1111,puncé,punzaste,punzó,punzamos,punzasteis,punzaron
1112,asesoré,asesoraste,asesoró,asesoramos,asesorasteis,asesoraron
1113,estremecí,estremeciste,estremeció,estremecimos,estremecisteis,estremecieron
1114,presumí,presumiste,presumió,presumimos,presumisteis,presumieron
1115,descuidé,descuidaste,descuidó,descuidamos,descuidasteis,descuidaron
1116,profeticé,profetizaste,profetizó,profetizamos,profetizasteis,profetizaron
1117,enuncié,enunciaste,enunció,enunciamos,enunciasteis,enunciaron
1118,destituí,destituiste,destituyó,destituimos,destituisteis,destituyeron
1119,desaprobé,desaprobaste,desaprobó,desaprobamos,desaprobasteis,desaprobaron
1120,sobrepuse,sobrepusiste,sobrepuso,sobrepusimos,sobrepusisteis,sobrepusieron
1121,descalcé,descalzaste,descalzó,descalzamos,descalzasteis,descalzaron
1122,murmuré,murmuraste,murmuró,murmuramos,murmurasteis,murmuraron
1123,truqué,trucaste,trucó,trucamos,trucasteis,trucaron
1124,comparecí,compareciste,compareció,comparecimos,comparecisteis,comparecieron
1125,derribé,derribaste,derribó,derribamos,derribasteis,derribaron
1126,originé,originaste,originó,originamos,originasteis,originaron
1127,contrasté,contrastaste,contrastó,contrastamos,contrastasteis,contrastaron
1128,restringí,restringiste,restringió,restringimos,restringisteis,restringieron
1129,loé,loaste,loó,loamos,loasteis,loaron
1130,predispuse,predispusiste,predispuso,predispusimos,predispusisteis,predispusieron
1131,proscribí,proscribiste,proscribió,proscribimos,proscribisteis,proscribieron
1132,argumenté,argumentaste,argumentó,argumentamos,argumentasteis,argumentaron
1133,destapé,destapaste,destapó,destapamos,destapasteis,destaparon
1134,excavé,excavaste,excavó,excavamos,excavasteis,excavaron
1135,retrocedí,retrocediste,retrocedió,retrocedimos,retrocedisteis,retrocedieron
1136,presioné,presionaste,presionó,presionamos,presionasteis,presionaron
1137,turbé,turbaste,turbó,turbamos,turbasteis,turbaron
1138,ambicioné,ambicionaste,ambicionó,ambicionamos,ambicionasteis,ambicionaron
1139,transporté,transportaste,transportó,transportamos,transportasteis,transportaron
1140,revolucioné,revolucionaste,revolucionó,revolucionamos,revolucionasteis,revolucionaron
1141,supervisé,supervisaste,supervisó,supervisamos,supervisasteis,supervisaron
1142,repinté,repintaste,repintó,repintamos,repintasteis,repintaron
1143,lloriqueé,lloriqueaste,lloriqueó,lloriqueamos,lloriqueasteis,lloriquearon
1144,exfolié,exfoliaste,exfolió,exfoliamos,exfoliasteis,exfoliaron
1145,acedé,acedaste,acedó,acedamos,acedasteis,acedaron
1146,engrosé,engrosaste,engrosó,engrosamos,engrosasteis,engrosaron
1147,desenfadé,desenfadaste,desenfadó,desenfadamos,desenfadasteis,desenfadaron
1148,fomenté,fomentaste,fomentó,fomentamos,fomentasteis,fomentaron
1149,rutilé,rutilaste,rutiló,rutilamos,rutilasteis,rutilaron
1150,vislumbré,vislumbraste,vislumbró,vislumbramos,vislumbrasteis,vislumbraron
1151,rotulé,rotulaste,rotuló,rotulamos,rotulasteis,rotularon
1152,planteé,planteaste,planteó,planteamos,planteasteis,plantearon
1153,permuté,permutaste,permutó,permutamos,permutasteis,permutaron
1154,indigné,indignaste,indignó,indignamos,indignasteis,indignaron
1155,recusé,recusaste,recusó,recusamos,recusasteis,recusaron
1156,intensifiqué,intensificaste,intensificó,intensificamos,intensificasteis,intensificaron
1157,excreté,excretaste,excretó,excretamos,excretasteis,excretaron
1158,conllevé,conllevaste,conllevó,conllevamos,conllevasteis,conllevaron
1159,interpuse,interpusiste,interpuso,interpusimos,interpusisteis,interpusieron
1160,desistí,desististe,desistió,desistimos,desististeis,desistieron
1161,aturrullé,aturrullaste,aturrulló,aturrullamos,aturrullasteis,aturrullaron
1162,desanduve,desanduviste,desanduvo,desanduvimos,desanduvisteis,desanduvieron
1163,resguardé,resguardaste,resguardó,resguardamos,resguardasteis,resguardaron
1164,conceptué,conceptuaste,conceptuó,conceptuamos,conceptuasteis,conceptuaron
1165,restablecí,restableciste,restableció,restablecimos,restablecisteis,restablecieron
1166,superpuse,superpusiste,superpuso,superpusimos,superpusisteis,superpusieron
1167,amparé,amparaste,amparó,amparamos,amparasteis,ampararon
1168,enmendé,enmendaste,enmendó,enmendamos,enmendasteis,enmendaron
1169,escurrí,escurriste,escurrió,escurrimos,escurristeis,escurrieron
1170,exhalé,exhalaste,exhaló,exhalamos,exhalasteis,exhalaron
1171,exageré,exageraste,exageró,exageramos,exagerasteis,exageraron
1172,plumeé,plumeaste,plumeó,plumeamos,plumeasteis,plumearon
1173,enganché,enganchaste,enganchó,enganchamos,enganchasteis,engancharon
1174,enturbié,enturbiaste,enturbió,enturbiamos,enturbiasteis,enturbiaron
1175,desagradé,desagradaste,desagradó,desagradamos,desagradasteis,desagradaron
1176,reformé,reformaste,reformó,reformamos,reformasteis,reformaron
1177,descifré,descifraste,descifró,desciframos,descifrasteis,descifraron
1178,desempolvé,desempolvaste,desempolvó,desempolvamos,desempolvasteis,desempolvaron
1179,reforcé,reforzaste,reforzó,reforzamos,reforzasteis,reforzaron
1180,repercutí,repercutiste,repercutió,repercutimos,repercutisteis,repercutieron
1181,preservé,preservaste,preservó,preservamos,preservasteis,preservaron
1182,exhumé,exhumaste,exhumó,exhumamos,exhumasteis,exhumaron
1183,eructé,eructaste,eructó,eructamos,eructasteis,eructaron
1184,regeneré,regeneraste,regeneró,regeneramos,regenerasteis,regeneraron
1185,precedí,precediste,precedió,precedimos,precedisteis,precedieron
1186,unté,untaste,untó,untamos,untasteis,untaron
1187,enrollé,enrollaste,enrolló,enrollamos,enrollasteis,enrollaron
1188,consolidé,consolidaste,consolidó,consolidamos,consolidasteis,consolidaron
1189,ensanché,ensanchaste,ensanchó,ensanchamos,ensanchasteis,ensancharon
1190,tripulé,tripulaste,tripuló,tripulamos,tripulasteis,tripularon
1191,rebocé,rebozaste,rebozó,rebozamos,rebozasteis,rebozaron
1192,coloreé,coloreaste,coloreó,coloreamos,coloreasteis,colorearon
1193,profané,profanaste,profanó,profanamos,profanasteis,profanaron
1194,entubé,entubaste,entubó,entubamos,entubasteis,entubaron
1195,trasvasé,trasvasaste,trasvasó,trasvasamos,trasvasasteis,trasvasaron
1196,desenrosqué,desenroscaste,desenroscó,desenroscamos,desenroscasteis,desenroscaron
1197,serruché,serruchaste,serruchó,serruchamos,serruchasteis,serrucharon
1198,resoplé,resoplaste,resopló,resoplamos,resoplasteis,resoplaron
1199,derroché,derrochaste,derrochó,derrochamos,derrochasteis,derrocharon
1200,exprimí,exprimiste,exprimió,exprimimos,exprimisteis,exprimieron
1201,derrumbé,derrumbaste,derrumbó,derrumbamos,derrumbasteis,derrumbaron
1202,sobresalté,sobresaltaste,sobresaltó,sobresaltamos,sobresaltasteis,sobresaltaron
1203,desperdigué,desperdigaste,desperdigó,desperdigamos,desperdigasteis,desperdigaron
1204,sobrescribí,sobrescribiste,sobrescribió,sobrescribimos,sobrescribisteis,sobrescribieron
1205,desenganché,desenganchaste,desenganchó,desenganchamos,desenganchasteis,desengancharon
1206,equilibré,equilibraste,equilibró,equilibramos,equilibrasteis,equilibraron
1207,lamí,lamiste,lamió,lamimos,lamisteis,lamieron
1208,expectoré,expectoraste,expectoró,expectoramos,expectorasteis,expectoraron
1209,exoneré,exoneraste,exoneró,exoneramos,exonerasteis,exoneraron
1210,trituré,trituraste,trituró,trituramos,triturasteis,trituraron
1211,dañé,dañaste,dañó,dañamos,dañasteis,dañaron
1212,chorreé,chorreaste,chorreó,chorreamos,chorreasteis,chorrearon
1213,cuajé,cuajaste,cuajó,cuajamos,cuajasteis,cuajaron
1214,embarré,embarraste,embarró,embarramos,embarrasteis,embarraron
1215,espesé,espesaste,espesó,espesamos,espesasteis,espesaron
1216,teñí,teñiste,tiñó,teñimos,teñisteis,tiñeron
1217,reñí,reñiste,riñó,reñimos,reñisteis,riñeron
1218,aliñé,aliñaste,aliñó,aliñamos,aliñasteis,aliñaron
1219,mosqueé,mosqueaste,mosqueó,mosqueamos,mosqueasteis,mosquearon
1220,culpé,culpaste,culpó,culpamos,culpasteis,culparon
1221,señalé,señalaste,señaló,señalamos,señalasteis,señalaron
1222,engañé,engañaste,engañó,engañamos,engañasteis,engañaron
1223,añoré,añoraste,añoró,añoramos,añorasteis,añoraron
1224,diseñé,diseñaste,diseñó,diseñamos,diseñasteis,diseñaron
1225,escaldé,escaldaste,escaldó,escaldamos,escaldasteis,escaldaron
1226,apuñalé,apuñalaste,apuñaló,apuñalamos,apuñalasteis,apuñalaron
1227,desempeñé,desempeñaste,desempeñó,desempeñamos,desempeñasteis,desempeñaron
1228,regañé,regañaste,regañó,regañamos,regañasteis,regañaron
1229,entrañé,entrañaste,entrañó,entrañamos,entrañasteis,entrañaron
1230,reseñé,reseñaste,reseñó,reseñamos,reseñasteis,reseñaron
